order_id,customer_id,product_category,quantity,unit_price,total_amount,order_status,order_timestamp,region
ORD-20240115-00001,CUST-8585,books,4,304.22,1216.88,pending,2024-01-15T19:06:00,us-west
ORD-20240115-00002,CUST-3023,electronics,1,272.41,272.41,cancelled,2024-01-15T15:03:00,us-east
ORD-20240115-00003,CUST-6115,electronics,5,96.33,481.65,pending,2024-01-15T05:00:00,eu-central
ORD-20240115-00004,CUST-5590,home,4,84.31,337.24,shipped,2024-01-15T20:24:00,ap-south
ORD-20240115-00005,CUST-2063,electronics,1,206.75,206.75,pending,2024-01-15T19:12:00,us-east
ORD-20240115-00006,CUST-6482,books,4,264.95,1059.8,cancelled,2024-01-15T15:37:00,eu-central
ORD-20240115-00007,CUST-5914,electronics,2,352.87,705.74,pending,2024-01-15T13:52:00,eu-central
ORD-20240115-00008,CUST-9143,clothing,4,40.64,162.56,delivered,2024-01-15T19:49:00,us-west
ORD-20240115-00009,CUST-6099,books,3,322.07,966.21,shipped,2024-01-15T09:22:00,eu-central
ORD-20240115-00010,CUST-8018,home,4,95.7,382.8,cancelled,2024-01-15T03:33:00,us-east
ORD-20240115-00011,CUST-7242,electronics,3,243.36,730.08,cancelled,2024-01-15T14:27:00,us-east
ORD-20240115-00012,CUST-2551,home,3,344.62,1033.86,pending,2024-01-15T03:08:00,us-west
ORD-20240115-00013,CUST-2018,electronics,5,206.75,1033.75,shipped,2024-01-15T13:01:00,us-east
ORD-20240115-00014,CUST-2295,sports,1,250.53,250.53,pending,2024-01-15T20:41:00,us-west
ORD-20240115-00015,CUST-3254,electronics,2,329.4,658.8,pending,2024-01-15T13:50:00,eu-central
ORD-20240115-00016,CUST-5442,books,2,122.74,245.48,shipped,2024-01-15T14:25:00,us-east
ORD-20240115-00017,CUST-1242,sports,5,315.63,1578.15,shipped,2024-01-15T16:20:00,eu-central
ORD-20240115-00018,CUST-2777,sports,5,189.57,947.85,cancelled,2024-01-15T02:36:00,us-west
ORD-20240115-00019,CUST-7543,sports,1,104.0,104.0,shipped,2024-01-15T22:08:00,ap-south
ORD-20240115-00020,CUST-9749,books,2,358.05,716.1,cancelled,2024-01-15T23:51:00,eu-central
ORD-20240115-00021,CUST-5475,sports,4,433.06,1732.24,shipped,2024-01-15T17:24:00,eu-central
ORD-20240115-00022,CUST-7888,electronics,3,51.28,153.84,delivered,2024-01-15T13:33:00,us-east
ORD-20240115-00023,CUST-8507,sports,3,177.11,531.33,delivered,2024-01-15T22:56:00,us-west
ORD-20240115-00024,CUST-3729,sports,4,323.47,1293.88,shipped,2024-01-15T05:07:00,us-west
ORD-20240115-00025,CUST-2551,sports,2,327.78,655.56,shipped,2024-01-15T06:27:00,eu-central
ORD-20240115-00026,CUST-5802,clothing,4,432.66,1730.64,cancelled,2024-01-15T10:50:00,us-west
ORD-20240115-00027,CUST-2043,clothing,2,60.74,121.48,delivered,2024-01-15T12:51:00,eu-central
ORD-20240115-00028,CUST-4326,home,2,96.2,192.4,delivered,2024-01-15T19:41:00,eu-central
ORD-20240115-00029,CUST-1988,home,5,277.23,1386.15,shipped,2024-01-15T03:47:00,us-west
ORD-20240115-00030,CUST-3036,books,2,170.2,340.4,pending,2024-01-15T22:35:00,eu-central
ORD-20240115-00031,CUST-1481,electronics,5,214.86,1074.3,shipped,2024-01-15T09:32:00,ap-south
ORD-20240115-00032,CUST-3218,books,3,96.35,289.05,shipped,2024-01-15T09:24:00,us-east
ORD-20240115-00033,CUST-2380,home,1,113.45,113.45,pending,2024-01-15T15:33:00,us-east
ORD-20240115-00034,CUST-4989,books,5,453.62,2268.1,pending,2024-01-15T13:45:00,eu-central
ORD-20240115-00035,CUST-4265,sports,4,305.05,1220.2,cancelled,2024-01-15T22:42:00,eu-central
ORD-20240115-00036,CUST-3258,electronics,5,385.23,1926.15,cancelled,2024-01-15T14:34:00,ap-south
ORD-20240115-00037,CUST-3123,home,2,164.2,328.4,delivered,2024-01-15T04:33:00,eu-central
ORD-20240115-00038,CUST-2822,home,4,381.68,1526.72,pending,2024-01-15T00:21:00,ap-south
ORD-20240115-00039,CUST-2312,home,4,148.66,594.64,shipped,2024-01-15T21:17:00,eu-central
ORD-20240115-00040,CUST-7904,electronics,4,170.64,682.56,cancelled,2024-01-15T18:43:00,ap-south
ORD-20240115-00041,CUST-7474,home,5,17.84,89.2,shipped,2024-01-15T10:33:00,us-west
ORD-20240115-00042,CUST-8804,clothing,4,78.53,314.12,cancelled,2024-01-15T20:46:00,eu-central
ORD-20240115-00043,CUST-1646,sports,1,471.15,471.15,cancelled,2024-01-15T13:23:00,us-east
ORD-20240115-00044,CUST-8018,electronics,4,394.93,1579.72,shipped,2024-01-15T12:39:00,us-east
ORD-20240115-00045,CUST-6622,electronics,5,53.27,266.35,pending,2024-01-15T07:42:00,ap-south
ORD-20240115-00046,CUST-4862,books,1,251.86,251.86,cancelled,2024-01-15T19:15:00,ap-south
ORD-20240115-00047,CUST-4714,electronics,4,162.32,649.28,shipped,2024-01-15T06:58:00,eu-central
ORD-20240115-00048,CUST-5019,clothing,1,178.69,178.69,delivered,2024-01-15T22:00:00,us-west
ORD-20240115-00049,CUST-3879,books,2,344.34,688.68,shipped,2024-01-15T16:04:00,ap-south
ORD-20240115-00050,CUST-3576,home,2,266.81,533.62,pending,2024-01-15T11:42:00,ap-south
ORD-20240115-00051,CUST-3262,electronics,3,191.3,573.9,cancelled,2024-01-15T22:24:00,ap-south
ORD-20240115-00052,CUST-2397,home,1,406.56,406.56,cancelled,2024-01-15T19:49:00,us-west
ORD-20240115-00053,CUST-3130,home,4,43.57,174.28,shipped,2024-01-15T20:21:00,eu-central
ORD-20240115-00054,CUST-4273,clothing,5,120.59,602.95,cancelled,2024-01-15T10:02:00,us-west
ORD-20240115-00055,CUST-4361,clothing,4,144.26,577.04,shipped,2024-01-15T21:10:00,us-east
ORD-20240115-00056,CUST-6293,home,1,138.97,138.97,cancelled,2024-01-15T11:10:00,us-east
ORD-20240115-00057,CUST-4976,sports,4,76.82,307.28,shipped,2024-01-15T02:20:00,ap-south
ORD-20240115-00058,CUST-5170,home,1,372.55,372.55,shipped,2024-01-15T06:08:00,ap-south
ORD-20240115-00059,CUST-5424,books,5,290.14,1450.7,shipped,2024-01-15T04:19:00,ap-south
ORD-20240115-00060,CUST-3372,electronics,3,53.68,161.04,delivered,2024-01-15T06:42:00,ap-south
ORD-20240115-00061,CUST-9599,sports,4,17.65,70.6,delivered,2024-01-15T13:16:00,ap-south
ORD-20240115-00062,CUST-5496,home,5,151.67,758.35,shipped,2024-01-15T19:42:00,eu-central
ORD-20240115-00063,CUST-9421,books,2,485.47,970.94,pending,2024-01-15T04:54:00,ap-south
ORD-20240115-00064,CUST-2992,clothing,5,168.48,842.4,pending,2024-01-15T01:03:00,eu-central
ORD-20240115-00065,CUST-5827,books,1,199.91,199.91,delivered,2024-01-15T04:48:00,ap-south
ORD-20240115-00066,CUST-2292,clothing,3,284.15,852.45,delivered,2024-01-15T05:22:00,eu-central
ORD-20240115-00067,CUST-5458,sports,1,61.83,61.83,pending,2024-01-15T04:11:00,us-west
ORD-20240115-00068,CUST-4298,books,2,23.18,46.36,delivered,2024-01-15T09:30:00,eu-central
ORD-20240115-00069,CUST-1998,electronics,4,211.27,845.08,pending,2024-01-15T01:24:00,ap-south
ORD-20240115-00070,CUST-8336,home,2,303.76,607.52,delivered,2024-01-15T11:50:00,us-west
ORD-20240115-00071,CUST-2545,books,1,443.49,443.49,pending,2024-01-15T07:51:00,eu-central
ORD-20240115-00072,CUST-9020,books,5,202.51,1012.55,pending,2024-01-15T04:39:00,eu-central
ORD-20240115-00073,CUST-5295,electronics,5,332.24,1661.2,delivered,2024-01-15T19:36:00,us-west
ORD-20240115-00074,CUST-1317,books,2,279.77,559.54,shipped,2024-01-15T17:57:00,ap-south
ORD-20240115-00075,CUST-5703,sports,5,89.01,445.05,delivered,2024-01-15T06:09:00,ap-south
ORD-20240115-00076,CUST-1659,electronics,2,60.74,121.48,delivered,2024-01-15T00:32:00,eu-central
ORD-20240115-00077,CUST-1786,sports,3,21.41,64.23,shipped,2024-01-15T10:54:00,us-east
ORD-20240115-00078,CUST-1968,electronics,2,226.3,452.6,pending,2024-01-15T01:06:00,eu-central
ORD-20240115-00079,CUST-8008,clothing,3,244.04,732.12,cancelled,2024-01-15T04:13:00,ap-south
ORD-20240115-00080,CUST-1699,books,3,155.25,465.75,cancelled,2024-01-15T05:18:00,us-west
ORD-20240115-00081,CUST-1233,sports,4,459.27,1837.08,pending,2024-01-15T23:05:00,eu-central
ORD-20240115-00082,CUST-8448,home,5,148.66,743.3,shipped,2024-01-15T03:52:00,eu-central
ORD-20240115-00083,CUST-3699,books,3,80.52,241.56,shipped,2024-01-15T00:42:00,eu-central
ORD-20240115-00084,CUST-4168,clothing,5,33.12,165.6,shipped,2024-01-15T05:06:00,us-east
ORD-20240115-00085,CUST-3701,sports,1,74.91,74.91,pending,2024-01-15T15:09:00,eu-central
ORD-20240115-00086,CUST-2149,sports,2,63.11,126.22,shipped,2024-01-15T12:19:00,us-west
ORD-20240115-00087,CUST-6575,clothing,5,168.7,843.5,cancelled,2024-01-15T04:20:00,ap-south
ORD-20240115-00088,CUST-4149,clothing,2,91.55,183.1,delivered,2024-01-15T20:04:00,us-west
ORD-20240115-00089,CUST-4281,books,4,485.62,1942.48,cancelled,2024-01-15T04:54:00,ap-south
ORD-20240115-00090,CUST-9145,books,2,198.52,397.04,delivered,2024-01-15T18:21:00,us-west
ORD-20240115-00091,CUST-7293,home,1,302.05,302.05,delivered,2024-01-15T12:35:00,us-west
ORD-20240115-00092,CUST-9657,home,2,484.71,969.42,delivered,2024-01-15T00:56:00,us-west
ORD-20240115-00093,CUST-4835,clothing,4,292.65,1170.6,shipped,2024-01-15T20:05:00,eu-central
ORD-20240115-00094,CUST-7470,books,4,290.0,1160.0,pending,2024-01-15T22:47:00,us-west
ORD-20240115-00095,CUST-8607,electronics,2,201.3,402.6,delivered,2024-01-15T06:11:00,us-east
ORD-20240115-00096,CUST-8111,electronics,3,199.27,597.81,delivered,2024-01-15T17:22:00,ap-south
ORD-20240115-00097,CUST-7208,home,5,168.94,844.7,delivered,2024-01-15T07:19:00,us-west
ORD-20240115-00098,CUST-1115,home,2,229.65,459.3,pending,2024-01-15T07:50:00,us-west
ORD-20240115-00099,CUST-7665,clothing,3,350.33,1050.99,delivered,2024-01-15T21:22:00,us-east
ORD-20240115-00100,CUST-3003,clothing,4,269.47,1077.88,pending,2024-01-15T09:53:00,us-east
ORD-20240115-00101,CUST-5924,electronics,3,59.93,179.79,shipped,2024-01-15T06:20:00,eu-central
ORD-20240115-00102,CUST-2733,electronics,3,158.13,474.39,shipped,2024-01-15T12:34:00,ap-south
ORD-20240115-00103,CUST-9283,books,3,190.9,572.7,delivered,2024-01-15T16:04:00,ap-south
ORD-20240115-00104,CUST-7799,electronics,2,435.77,871.54,shipped,2024-01-15T04:57:00,eu-central
ORD-20240115-00105,CUST-2573,books,3,194.5,583.5,shipped,2024-01-15T22:20:00,eu-central
ORD-20240115-00106,CUST-3624,sports,5,456.82,2284.1,delivered,2024-01-15T00:06:00,us-west
ORD-20240115-00107,CUST-2746,sports,1,100.46,100.46,cancelled,2024-01-15T11:49:00,eu-central
ORD-20240115-00108,CUST-6376,electronics,3,90.22,270.66,shipped,2024-01-15T10:06:00,eu-central
ORD-20240115-00109,CUST-9416,books,3,21.81,65.43,pending,2024-01-15T21:51:00,ap-south
ORD-20240115-00110,CUST-3730,clothing,2,172.74,345.48,pending,2024-01-15T12:47:00,eu-central
ORD-20240115-00111,CUST-5211,electronics,3,100.75,302.25,cancelled,2024-01-15T04:44:00,us-east
ORD-20240115-00112,CUST-2224,books,4,230.88,923.52,cancelled,2024-01-15T22:32:00,us-west
ORD-20240115-00113,CUST-3547,sports,4,410.32,1641.28,delivered,2024-01-15T15:34:00,us-east
ORD-20240115-00114,CUST-2194,clothing,1,243.48,243.48,delivered,2024-01-15T16:04:00,us-west
ORD-20240115-00115,CUST-7702,books,2,340.03,680.06,cancelled,2024-01-15T01:33:00,us-west
ORD-20240115-00116,CUST-3503,books,1,87.82,87.82,cancelled,2024-01-15T02:08:00,eu-central
ORD-20240115-00117,CUST-2162,sports,2,115.09,230.18,pending,2024-01-15T01:38:00,eu-central
ORD-20240115-00118,CUST-7895,electronics,4,408.7,1634.8,cancelled,2024-01-15T23:21:00,us-west
ORD-20240115-00119,CUST-4110,clothing,3,40.43,121.29,cancelled,2024-01-15T05:57:00,ap-south
ORD-20240115-00120,CUST-9739,sports,4,402.98,1611.92,cancelled,2024-01-15T07:03:00,eu-central
ORD-20240115-00121,CUST-4656,books,4,41.17,164.68,shipped,2024-01-15T12:19:00,us-east
ORD-20240115-00122,CUST-6214,clothing,2,130.51,261.02,cancelled,2024-01-15T22:43:00,ap-south
ORD-20240115-00123,CUST-7688,home,5,363.89,1819.45,delivered,2024-01-15T18:31:00,eu-central
ORD-20240115-00124,CUST-5779,books,3,329.33,987.99,shipped,2024-01-15T22:01:00,us-east
ORD-20240115-00125,CUST-4360,home,1,314.97,314.97,pending,2024-01-15T18:12:00,ap-south
ORD-20240115-00126,CUST-4531,sports,2,450.08,900.16,delivered,2024-01-15T12:59:00,ap-south
ORD-20240115-00127,CUST-8511,home,2,296.1,592.2,shipped,2024-01-15T07:07:00,us-east
ORD-20240115-00128,CUST-7897,clothing,2,162.71,325.42,shipped,2024-01-15T05:49:00,us-east
ORD-20240115-00129,CUST-1932,books,5,420.18,2100.9,cancelled,2024-01-15T10:38:00,us-west
ORD-20240115-00130,CUST-1049,books,5,462.42,2312.1,shipped,2024-01-15T13:40:00,ap-south
ORD-20240115-00131,CUST-9606,electronics,2,471.81,943.62,delivered,2024-01-15T13:52:00,ap-south
ORD-20240115-00132,CUST-3424,sports,3,404.64,1213.92,shipped,2024-01-15T05:27:00,us-west
ORD-20240115-00133,CUST-4400,books,4,138.83,555.32,shipped,2024-01-15T23:47:00,us-west
ORD-20240115-00134,CUST-7878,home,3,144.29,432.87,cancelled,2024-01-15T01:43:00,ap-south
ORD-20240115-00135,CUST-2632,home,3,251.11,753.33,delivered,2024-01-15T21:38:00,us-east
ORD-20240115-00136,CUST-8983,books,1,269.28,269.28,delivered,2024-01-15T10:15:00,us-west
ORD-20240115-00137,CUST-3956,home,4,130.99,523.96,shipped,2024-01-15T19:00:00,ap-south
ORD-20240115-00138,CUST-6864,home,2,443.17,886.34,pending,2024-01-15T07:46:00,eu-central
ORD-20240115-00139,CUST-4950,electronics,2,251.75,503.5,delivered,2024-01-15T16:42:00,us-west
ORD-20240115-00140,CUST-5580,sports,4,201.08,804.32,shipped,2024-01-15T01:18:00,ap-south
ORD-20240115-00141,CUST-7529,books,2,149.37,298.74,pending,2024-01-15T05:04:00,us-east
ORD-20240115-00142,CUST-3768,books,3,24.76,74.28,delivered,2024-01-15T20:47:00,us-west
ORD-20240115-00143,CUST-1601,books,2,288.33,576.66,cancelled,2024-01-15T00:47:00,eu-central
ORD-20240115-00144,CUST-1155,books,4,353.22,1412.88,delivered,2024-01-15T09:59:00,us-east
ORD-20240115-00145,CUST-6647,home,4,229.24,916.96,delivered,2024-01-15T19:53:00,us-east
ORD-20240115-00146,CUST-3310,books,2,325.14,650.28,delivered,2024-01-15T22:41:00,us-east
ORD-20240115-00147,CUST-6578,home,2,260.18,520.36,shipped,2024-01-15T02:24:00,ap-south
ORD-20240115-00148,CUST-5967,electronics,5,208.74,1043.7,shipped,2024-01-15T16:45:00,eu-central
ORD-20240115-00149,CUST-1581,home,3,259.33,777.99,cancelled,2024-01-15T16:06:00,eu-central
ORD-20240115-00150,CUST-8724,electronics,5,39.28,196.4,shipped,2024-01-15T22:17:00,eu-central
ORD-20240115-00151,CUST-9789,electronics,2,327.96,655.92,shipped,2024-01-15T07:15:00,us-west
ORD-20240115-00152,CUST-9853,sports,5,88.72,443.6,pending,2024-01-15T12:57:00,us-west
ORD-20240115-00153,CUST-2616,books,4,236.19,944.76,cancelled,2024-01-15T04:34:00,ap-south
ORD-20240115-00154,CUST-9399,home,3,144.14,432.42,delivered,2024-01-15T11:45:00,us-east
ORD-20240115-00155,CUST-1289,sports,3,415.98,1247.94,shipped,2024-01-15T23:20:00,us-west
ORD-20240115-00156,CUST-1903,home,5,186.14,930.7,shipped,2024-01-15T02:23:00,us-east
ORD-20240115-00157,CUST-9871,clothing,5,340.1,1700.5,pending,2024-01-15T07:04:00,eu-central
ORD-20240115-00158,CUST-7971,sports,3,275.42,826.26,delivered,2024-01-15T08:15:00,eu-central
ORD-20240115-00159,CUST-5004,books,5,321.96,1609.8,delivered,2024-01-15T09:57:00,us-west
ORD-20240115-00160,CUST-8093,books,5,197.86,989.3,delivered,2024-01-15T01:24:00,us-west
ORD-20240115-00161,CUST-4122,sports,4,102.15,408.6,delivered,2024-01-15T12:38:00,ap-south
ORD-20240115-00162,CUST-6147,electronics,2,312.51,625.02,shipped,2024-01-15T03:07:00,ap-south
ORD-20240115-00163,CUST-2659,electronics,4,490.06,1960.24,cancelled,2024-01-15T11:40:00,us-east
ORD-20240115-00164,CUST-8325,sports,5,475.59,2377.95,shipped,2024-01-15T06:07:00,ap-south
ORD-20240115-00165,CUST-5624,sports,2,476.8,953.6,pending,2024-01-15T01:43:00,ap-south
ORD-20240115-00166,CUST-5029,home,1,300.68,300.68,pending,2024-01-15T02:24:00,eu-central
ORD-20240115-00167,CUST-5957,electronics,4,238.01,952.04,delivered,2024-01-15T22:28:00,eu-central
ORD-20240115-00168,CUST-2405,clothing,4,247.46,989.84,cancelled,2024-01-15T10:57:00,eu-central
ORD-20240115-00169,CUST-2228,clothing,1,201.63,201.63,delivered,2024-01-15T17:02:00,us-east
ORD-20240115-00170,CUST-5933,clothing,5,86.21,431.05,shipped,2024-01-15T17:47:00,eu-central
ORD-20240115-00171,CUST-2906,clothing,4,286.48,1145.92,pending,2024-01-15T22:21:00,ap-south
ORD-20240115-00172,CUST-3324,sports,4,66.57,266.28,cancelled,2024-01-15T04:42:00,us-east
ORD-20240115-00173,CUST-6336,books,5,110.82,554.1,shipped,2024-01-15T20:17:00,ap-south
ORD-20240115-00174,CUST-8701,sports,4,411.28,1645.12,cancelled,2024-01-15T20:03:00,eu-central
ORD-20240115-00175,CUST-8840,sports,5,142.18,710.9,delivered,2024-01-15T04:43:00,eu-central
ORD-20240115-00176,CUST-6921,sports,1,287.17,287.17,delivered,2024-01-15T05:32:00,eu-central
ORD-20240115-00177,CUST-9099,books,1,268.56,268.56,delivered,2024-01-15T19:03:00,eu-central
ORD-20240115-00178,CUST-5184,home,4,17.39,69.56,pending,2024-01-15T00:17:00,ap-south
ORD-20240115-00179,CUST-8678,sports,5,157.31,786.55,pending,2024-01-15T16:42:00,us-east
ORD-20240115-00180,CUST-7119,books,1,213.57,213.57,shipped,2024-01-15T06:30:00,ap-south
ORD-20240115-00181,CUST-8798,sports,3,305.34,916.02,cancelled,2024-01-15T06:46:00,us-east
ORD-20240115-00182,CUST-7940,electronics,2,447.63,895.26,shipped,2024-01-15T07:33:00,us-east
ORD-20240115-00183,CUST-4154,books,3,146.62,439.86,shipped,2024-01-15T23:26:00,us-east
ORD-20240115-00184,CUST-5886,electronics,3,260.78,782.34,shipped,2024-01-15T19:31:00,ap-south
ORD-20240115-00185,CUST-3924,electronics,2,243.72,487.44,delivered,2024-01-15T09:23:00,us-east
ORD-20240115-00186,CUST-9200,clothing,4,314.94,1259.76,cancelled,2024-01-15T23:59:00,eu-central
ORD-20240115-00187,CUST-5166,sports,3,184.33,552.99,delivered,2024-01-15T00:33:00,us-east
ORD-20240115-00188,CUST-2499,home,1,58.66,58.66,delivered,2024-01-15T17:33:00,us-east
ORD-20240115-00189,CUST-8234,home,1,375.69,375.69,delivered,2024-01-15T02:57:00,us-east
ORD-20240115-00190,CUST-6552,books,4,376.57,1506.28,delivered,2024-01-15T10:23:00,eu-central
ORD-20240115-00191,CUST-4077,sports,5,324.15,1620.75,shipped,2024-01-15T13:53:00,us-west
ORD-20240115-00192,CUST-2378,books,2,477.88,955.76,shipped,2024-01-15T21:47:00,ap-south
ORD-20240115-00193,CUST-1946,clothing,2,36.12,72.24,delivered,2024-01-15T17:34:00,ap-south
ORD-20240115-00194,CUST-8437,sports,1,190.47,190.47,cancelled,2024-01-15T11:35:00,eu-central
ORD-20240115-00195,CUST-6764,sports,2,88.89,177.78,pending,2024-01-15T11:25:00,us-west
ORD-20240115-00196,CUST-7361,clothing,5,445.31,2226.55,delivered,2024-01-15T02:10:00,us-west
ORD-20240115-00197,CUST-7380,clothing,1,243.07,243.07,cancelled,2024-01-15T10:28:00,us-east
ORD-20240115-00198,CUST-3264,home,5,120.17,600.85,shipped,2024-01-15T23:17:00,ap-south
ORD-20240115-00199,CUST-5110,electronics,4,265.46,1061.84,pending,2024-01-15T06:34:00,ap-south
ORD-20240115-00200,CUST-1218,home,2,246.15,492.3,cancelled,2024-01-15T09:58:00,ap-south
ORD-20240115-00201,CUST-2724,clothing,2,118.2,236.4,delivered,2024-01-15T17:38:00,us-west
ORD-20240115-00202,CUST-3648,books,4,241.64,966.56,cancelled,2024-01-15T19:25:00,us-west
ORD-20240115-00203,CUST-2549,clothing,1,38.69,38.69,shipped,2024-01-15T13:12:00,eu-central
ORD-20240115-00204,CUST-7983,sports,5,196.77,983.85,cancelled,2024-01-15T01:16:00,ap-south
ORD-20240115-00205,CUST-9774,home,3,288.54,865.62,delivered,2024-01-15T17:18:00,us-west
ORD-20240115-00206,CUST-3572,electronics,5,194.69,973.45,pending,2024-01-15T08:13:00,ap-south
ORD-20240115-00207,CUST-2356,books,3,219.1,657.3,shipped,2024-01-15T13:59:00,eu-central
ORD-20240115-00208,CUST-5255,books,3,143.85,431.55,cancelled,2024-01-15T18:00:00,eu-central
ORD-20240115-00209,CUST-4810,clothing,1,318.51,318.51,cancelled,2024-01-15T20:36:00,us-east
ORD-20240115-00210,CUST-4219,books,2,266.59,533.18,cancelled,2024-01-15T14:46:00,eu-central
ORD-20240115-00211,CUST-8198,home,2,360.6,721.2,shipped,2024-01-15T01:35:00,us-west
ORD-20240115-00212,CUST-3218,electronics,2,170.57,341.14,cancelled,2024-01-15T08:31:00,us-west
ORD-20240115-00213,CUST-7766,clothing,1,423.37,423.37,cancelled,2024-01-15T14:29:00,ap-south
ORD-20240115-00214,CUST-2021,books,1,147.57,147.57,delivered,2024-01-15T11:37:00,ap-south
ORD-20240115-00215,CUST-1965,sports,1,130.19,130.19,cancelled,2024-01-15T08:58:00,us-west
ORD-20240115-00216,CUST-5364,clothing,3,316.66,949.98,cancelled,2024-01-15T00:59:00,eu-central
ORD-20240115-00217,CUST-4930,electronics,3,317.46,952.38,shipped,2024-01-15T21:34:00,ap-south
ORD-20240115-00218,CUST-5274,sports,2,21.63,43.26,cancelled,2024-01-15T19:31:00,ap-south
ORD-20240115-00219,CUST-9698,home,2,369.06,738.12,shipped,2024-01-15T16:18:00,us-east
ORD-20240115-00220,CUST-7964,home,1,166.91,166.91,delivered,2024-01-15T20:24:00,us-east
ORD-20240115-00221,CUST-8163,books,1,469.76,469.76,pending,2024-01-15T21:27:00,ap-south
ORD-20240115-00222,CUST-1748,books,5,337.88,1689.4,cancelled,2024-01-15T21:40:00,ap-south
ORD-20240115-00223,CUST-3627,clothing,2,442.17,884.34,cancelled,2024-01-15T09:06:00,ap-south
ORD-20240115-00224,CUST-6410,books,2,20.73,41.46,shipped,2024-01-15T16:25:00,us-east
ORD-20240115-00225,CUST-1069,home,4,209.14,836.56,pending,2024-01-15T17:17:00,us-east
ORD-20240115-00226,CUST-8223,electronics,5,112.17,560.85,pending,2024-01-15T18:56:00,us-east
ORD-20240115-00227,CUST-1496,home,5,168.0,840.0,shipped,2024-01-15T14:39:00,us-east
ORD-20240115-00228,CUST-1241,sports,2,319.03,638.06,delivered,2024-01-15T17:15:00,us-west
ORD-20240115-00229,CUST-1913,sports,2,119.07,238.14,cancelled,2024-01-15T17:35:00,ap-south
ORD-20240115-00230,CUST-2802,clothing,4,101.6,406.4,pending,2024-01-15T22:28:00,us-east
ORD-20240115-00231,CUST-7128,electronics,1,329.99,329.99,pending,2024-01-15T17:48:00,ap-south
ORD-20240115-00232,CUST-8533,electronics,5,127.06,635.3,shipped,2024-01-15T11:35:00,us-west
ORD-20240115-00233,CUST-5058,clothing,4,232.36,929.44,cancelled,2024-01-15T14:05:00,us-west
ORD-20240115-00234,CUST-6742,home,4,357.75,1431.0,cancelled,2024-01-15T08:16:00,us-east
ORD-20240115-00235,CUST-9625,books,5,314.93,1574.65,cancelled,2024-01-15T10:26:00,ap-south
ORD-20240115-00236,CUST-8343,electronics,4,494.88,1979.52,cancelled,2024-01-15T22:47:00,ap-south
ORD-20240115-00237,CUST-9432,home,2,397.98,795.96,shipped,2024-01-15T02:03:00,us-west
ORD-20240115-00238,CUST-7464,books,4,78.36,313.44,cancelled,2024-01-15T02:15:00,us-east
ORD-20240115-00239,CUST-8347,electronics,4,39.53,158.12,pending,2024-01-15T00:13:00,us-west
ORD-20240115-00240,CUST-5664,sports,4,352.58,1410.32,cancelled,2024-01-15T02:52:00,us-west
ORD-20240115-00241,CUST-8598,sports,2,241.83,483.66,pending,2024-01-15T21:28:00,eu-central
ORD-20240115-00242,CUST-9583,clothing,4,229.97,919.88,cancelled,2024-01-15T10:29:00,ap-south
ORD-20240115-00243,CUST-5954,sports,4,296.08,1184.32,shipped,2024-01-15T09:57:00,ap-south
ORD-20240115-00244,CUST-4078,electronics,1,420.52,420.52,pending,2024-01-15T12:18:00,us-west
ORD-20240115-00245,CUST-2202,home,5,460.79,2303.95,delivered,2024-01-15T14:35:00,us-east
ORD-20240115-00246,CUST-6540,sports,4,477.67,1910.68,cancelled,2024-01-15T01:13:00,us-east
ORD-20240115-00247,CUST-4726,clothing,4,108.26,433.04,pending,2024-01-15T17:00:00,us-west
ORD-20240115-00248,CUST-7066,sports,2,167.32,334.64,shipped,2024-01-15T17:24:00,us-east
ORD-20240115-00249,CUST-2895,books,2,21.03,42.06,cancelled,2024-01-15T20:49:00,ap-south
ORD-20240115-00250,CUST-2024,home,2,348.17,696.34,delivered,2024-01-15T00:09:00,ap-south
ORD-20240115-00251,CUST-4522,clothing,3,366.49,1099.47,cancelled,2024-01-15T06:16:00,us-west
ORD-20240115-00252,CUST-5949,books,3,437.55,1312.65,delivered,2024-01-15T20:12:00,us-east
ORD-20240115-00253,CUST-4424,home,5,67.82,339.1,cancelled,2024-01-15T23:34:00,eu-central
ORD-20240115-00254,CUST-1685,electronics,4,268.19,1072.76,pending,2024-01-15T17:25:00,us-west
ORD-20240115-00255,CUST-8175,electronics,1,439.37,439.37,delivered,2024-01-15T06:13:00,us-east
ORD-20240115-00256,CUST-7140,home,3,186.94,560.82,pending,2024-01-15T01:51:00,us-west
ORD-20240115-00257,CUST-9512,clothing,2,159.01,318.02,pending,2024-01-15T13:40:00,ap-south
ORD-20240115-00258,CUST-1123,books,1,247.24,247.24,cancelled,2024-01-15T04:50:00,ap-south
ORD-20240115-00259,CUST-3810,books,2,325.55,651.1,cancelled,2024-01-15T23:11:00,eu-central
ORD-20240115-00260,CUST-3299,electronics,3,304.81,914.43,cancelled,2024-01-15T23:41:00,ap-south
ORD-20240115-00261,CUST-5689,books,5,93.46,467.3,delivered,2024-01-15T21:24:00,eu-central
ORD-20240115-00262,CUST-3129,books,1,338.81,338.81,pending,2024-01-15T21:03:00,ap-south
ORD-20240115-00263,CUST-3032,home,3,323.23,969.69,delivered,2024-01-15T04:28:00,ap-south
ORD-20240115-00264,CUST-4339,home,1,195.47,195.47,delivered,2024-01-15T15:29:00,ap-south
ORD-20240115-00265,CUST-5257,home,5,401.44,2007.2,shipped,2024-01-15T13:22:00,ap-south
ORD-20240115-00266,CUST-6282,clothing,5,459.16,2295.8,pending,2024-01-15T14:52:00,us-west
ORD-20240115-00267,CUST-1651,sports,3,446.18,1338.54,cancelled,2024-01-15T09:02:00,us-east
ORD-20240115-00268,CUST-9718,home,2,411.33,822.66,shipped,2024-01-15T13:36:00,us-east
ORD-20240115-00269,CUST-3765,books,5,467.0,2335.0,cancelled,2024-01-15T01:09:00,us-east
ORD-20240115-00270,CUST-3748,electronics,4,374.74,1498.96,cancelled,2024-01-15T19:19:00,us-east
ORD-20240115-00271,CUST-9962,clothing,4,36.5,146.0,pending,2024-01-15T16:04:00,us-west
ORD-20240115-00272,CUST-7470,home,1,368.46,368.46,pending,2024-01-15T12:19:00,ap-south
ORD-20240115-00273,CUST-3402,electronics,4,278.18,1112.72,shipped,2024-01-15T20:48:00,us-east
ORD-20240115-00274,CUST-1998,home,2,303.59,607.18,pending,2024-01-15T06:12:00,us-west
ORD-20240115-00275,CUST-7641,electronics,3,64.32,192.96,cancelled,2024-01-15T11:05:00,eu-central
ORD-20240115-00276,CUST-8295,clothing,3,245.97,737.91,pending,2024-01-15T22:54:00,us-east
ORD-20240115-00277,CUST-5271,clothing,3,356.05,1068.15,delivered,2024-01-15T15:52:00,ap-south
ORD-20240115-00278,CUST-5091,books,4,224.41,897.64,cancelled,2024-01-15T15:06:00,us-east
ORD-20240115-00279,CUST-3820,clothing,2,323.85,647.7,delivered,2024-01-15T08:10:00,eu-central
ORD-20240115-00280,CUST-8014,books,1,182.95,182.95,delivered,2024-01-15T04:07:00,us-west
ORD-20240115-00281,CUST-9524,clothing,3,474.53,1423.59,shipped,2024-01-15T06:04:00,us-west
ORD-20240115-00282,CUST-7248,books,3,366.52,1099.56,pending,2024-01-15T14:35:00,us-west
ORD-20240115-00283,CUST-2950,home,4,424.08,1696.32,delivered,2024-01-15T20:04:00,us-east
ORD-20240115-00284,CUST-1458,electronics,4,262.2,1048.8,shipped,2024-01-15T15:03:00,eu-central
ORD-20240115-00285,CUST-6527,electronics,2,146.56,293.12,shipped,2024-01-15T18:54:00,us-east
ORD-20240115-00286,CUST-4700,sports,1,195.97,195.97,shipped,2024-01-15T15:29:00,us-west
ORD-20240115-00287,CUST-3922,books,2,48.68,97.36,pending,2024-01-15T18:58:00,ap-south
ORD-20240115-00288,CUST-5211,electronics,5,396.61,1983.05,shipped,2024-01-15T00:31:00,us-west
ORD-20240115-00289,CUST-3386,home,2,29.01,58.02,pending,2024-01-15T06:05:00,us-west
ORD-20240115-00290,CUST-3929,sports,5,271.05,1355.25,shipped,2024-01-15T23:31:00,ap-south
ORD-20240115-00291,CUST-3013,books,2,112.66,225.32,delivered,2024-01-15T11:17:00,eu-central
ORD-20240115-00292,CUST-5853,sports,1,475.8,475.8,pending,2024-01-15T23:15:00,ap-south
ORD-20240115-00293,CUST-7073,clothing,2,481.69,963.38,shipped,2024-01-15T19:08:00,us-west
ORD-20240115-00294,CUST-7947,books,5,134.0,670.0,shipped,2024-01-15T21:25:00,us-west
ORD-20240115-00295,CUST-9582,sports,3,137.74,413.22,cancelled,2024-01-15T12:51:00,ap-south
ORD-20240115-00296,CUST-8116,clothing,3,312.02,936.06,cancelled,2024-01-15T15:36:00,eu-central
ORD-20240115-00297,CUST-4670,electronics,1,467.73,467.73,delivered,2024-01-15T17:53:00,eu-central
ORD-20240115-00298,CUST-7503,books,5,122.68,613.4,delivered,2024-01-15T20:39:00,eu-central
ORD-20240115-00299,CUST-6074,home,4,316.6,1266.4,delivered,2024-01-15T08:26:00,eu-central
ORD-20240115-00300,CUST-7790,books,5,81.07,405.35,delivered,2024-01-15T13:35:00,eu-central
ORD-20240115-00301,CUST-1147,books,4,277.08,1108.32,shipped,2024-01-15T18:38:00,ap-south
ORD-20240115-00302,CUST-9983,books,1,489.67,489.67,cancelled,2024-01-15T12:27:00,us-east
ORD-20240115-00303,CUST-2738,electronics,1,186.56,186.56,cancelled,2024-01-15T07:55:00,us-east
ORD-20240115-00304,CUST-1801,books,3,312.27,936.81,delivered,2024-01-15T09:32:00,eu-central
ORD-20240115-00305,CUST-8064,clothing,3,87.71,263.13,cancelled,2024-01-15T21:35:00,us-west
ORD-20240115-00306,CUST-5105,sports,2,349.5,699.0,shipped,2024-01-15T01:37:00,ap-south
ORD-20240115-00307,CUST-4156,electronics,2,131.0,262.0,cancelled,2024-01-15T04:55:00,ap-south
ORD-20240115-00308,CUST-3312,clothing,4,383.53,1534.12,delivered,2024-01-15T21:38:00,us-east
ORD-20240115-00309,CUST-8622,books,2,61.34,122.68,pending,2024-01-15T04:31:00,us-west
ORD-20240115-00310,CUST-6814,clothing,4,241.79,967.16,cancelled,2024-01-15T01:09:00,us-west
ORD-20240115-00311,CUST-7856,electronics,1,268.72,268.72,pending,2024-01-15T14:49:00,us-east
ORD-20240115-00312,CUST-3588,books,2,462.5,925.0,cancelled,2024-01-15T18:57:00,us-east
ORD-20240115-00313,CUST-1380,electronics,5,40.12,200.6,cancelled,2024-01-15T18:53:00,eu-central
ORD-20240115-00314,CUST-2147,books,5,119.45,597.25,pending,2024-01-15T04:59:00,us-east
ORD-20240115-00315,CUST-6327,clothing,1,355.53,355.53,pending,2024-01-15T14:13:00,eu-central
ORD-20240115-00316,CUST-2877,clothing,1,273.8,273.8,delivered,2024-01-15T12:45:00,ap-south
ORD-20240115-00317,CUST-1015,home,5,385.0,1925.0,pending,2024-01-15T00:17:00,us-west
ORD-20240115-00318,CUST-9290,sports,5,233.72,1168.6,pending,2024-01-15T10:33:00,eu-central
ORD-20240115-00319,CUST-5529,sports,4,347.53,1390.12,delivered,2024-01-15T02:12:00,us-west
ORD-20240115-00320,CUST-5409,clothing,3,489.53,1468.59,pending,2024-01-15T02:14:00,ap-south
ORD-20240115-00321,CUST-7509,home,5,84.34,421.7,pending,2024-01-15T05:02:00,ap-south
ORD-20240115-00322,CUST-3493,sports,4,255.99,1023.96,delivered,2024-01-15T09:32:00,ap-south
ORD-20240115-00323,CUST-7381,clothing,3,281.2,843.6,delivered,2024-01-15T07:31:00,us-east
ORD-20240115-00324,CUST-4067,clothing,4,359.92,1439.68,delivered,2024-01-15T23:54:00,eu-central
ORD-20240115-00325,CUST-3357,clothing,1,12.16,12.16,delivered,2024-01-15T23:35:00,ap-south
ORD-20240115-00326,CUST-8717,home,1,447.18,447.18,cancelled,2024-01-15T15:42:00,eu-central
ORD-20240115-00327,CUST-2432,clothing,5,425.98,2129.9,pending,2024-01-15T18:38:00,eu-central
ORD-20240115-00328,CUST-3724,electronics,4,293.13,1172.52,cancelled,2024-01-15T08:36:00,eu-central
ORD-20240115-00329,CUST-4048,home,1,20.58,20.58,cancelled,2024-01-15T04:51:00,us-east
ORD-20240115-00330,CUST-6353,electronics,2,122.73,245.46,cancelled,2024-01-15T09:09:00,ap-south
ORD-20240115-00331,CUST-2531,sports,1,302.93,302.93,shipped,2024-01-15T05:50:00,ap-south
ORD-20240115-00332,CUST-3188,home,1,310.91,310.91,shipped,2024-01-15T19:39:00,us-east
ORD-20240115-00333,CUST-6254,electronics,5,386.75,1933.75,shipped,2024-01-15T14:22:00,eu-central
ORD-20240115-00334,CUST-7440,electronics,1,397.44,397.44,delivered,2024-01-15T10:04:00,eu-central
ORD-20240115-00335,CUST-5082,clothing,3,466.03,1398.09,shipped,2024-01-15T22:00:00,ap-south
ORD-20240115-00336,CUST-6096,electronics,2,340.57,681.14,pending,2024-01-15T17:12:00,eu-central
ORD-20240115-00337,CUST-6429,home,5,237.36,1186.8,pending,2024-01-15T10:06:00,ap-south
ORD-20240115-00338,CUST-9582,electronics,1,140.14,140.14,delivered,2024-01-15T18:08:00,ap-south
ORD-20240115-00339,CUST-2288,home,1,271.93,271.93,pending,2024-01-15T13:49:00,us-east
ORD-20240115-00340,CUST-9322,electronics,4,257.85,1031.4,delivered,2024-01-15T20:11:00,eu-central
ORD-20240115-00341,CUST-6663,home,4,464.09,1856.36,delivered,2024-01-15T06:51:00,ap-south
ORD-20240115-00342,CUST-4345,sports,3,68.51,205.53,pending,2024-01-15T22:58:00,us-east
ORD-20240115-00343,CUST-8334,electronics,4,101.02,404.08,cancelled,2024-01-15T10:31:00,ap-south
ORD-20240115-00344,CUST-5123,sports,4,300.98,1203.92,pending,2024-01-15T22:18:00,ap-south
ORD-20240115-00345,CUST-2023,sports,1,364.11,364.11,shipped,2024-01-15T01:59:00,eu-central
ORD-20240115-00346,CUST-9451,home,1,336.67,336.67,pending,2024-01-15T09:03:00,ap-south
ORD-20240115-00347,CUST-1499,electronics,5,412.89,2064.45,cancelled,2024-01-15T00:52:00,ap-south
ORD-20240115-00348,CUST-7210,home,4,141.39,565.56,delivered,2024-01-15T00:31:00,us-west
ORD-20240115-00349,CUST-6357,books,3,51.44,154.32,delivered,2024-01-15T23:17:00,us-east
ORD-20240115-00350,CUST-7277,books,4,321.2,1284.8,delivered,2024-01-15T07:27:00,us-west
ORD-20240115-00351,CUST-4001,sports,5,421.68,2108.4,delivered,2024-01-15T06:05:00,eu-central
ORD-20240115-00352,CUST-6752,clothing,1,141.72,141.72,shipped,2024-01-15T04:06:00,us-west
ORD-20240115-00353,CUST-1199,sports,2,341.24,682.48,shipped,2024-01-15T22:57:00,ap-south
ORD-20240115-00354,CUST-4660,electronics,2,146.75,293.5,delivered,2024-01-15T07:25:00,eu-central
ORD-20240115-00355,CUST-7252,electronics,3,371.25,1113.75,cancelled,2024-01-15T02:47:00,us-east
ORD-20240115-00356,CUST-1207,electronics,1,365.75,365.75,shipped,2024-01-15T09:30:00,us-west
ORD-20240115-00357,CUST-1218,home,2,159.07,318.14,cancelled,2024-01-15T12:27:00,eu-central
ORD-20240115-00358,CUST-8042,electronics,5,232.13,1160.65,pending,2024-01-15T06:25:00,us-west
ORD-20240115-00359,CUST-9972,home,1,255.29,255.29,pending,2024-01-15T20:05:00,us-east
ORD-20240115-00360,CUST-7714,clothing,2,109.67,219.34,cancelled,2024-01-15T14:04:00,us-east
ORD-20240115-00361,CUST-3416,books,3,280.68,842.04,delivered,2024-01-15T15:40:00,us-west
ORD-20240115-00362,CUST-7741,home,2,127.79,255.58,cancelled,2024-01-15T14:11:00,eu-central
ORD-20240115-00363,CUST-9085,sports,3,334.53,1003.59,shipped,2024-01-15T00:24:00,us-east
ORD-20240115-00364,CUST-4987,sports,5,224.82,1124.1,shipped,2024-01-15T11:01:00,us-east
ORD-20240115-00365,CUST-9651,clothing,3,100.88,302.64,cancelled,2024-01-15T18:58:00,ap-south
ORD-20240115-00366,CUST-4811,sports,5,105.57,527.85,cancelled,2024-01-15T06:45:00,ap-south
ORD-20240115-00367,CUST-7279,sports,2,139.35,278.7,pending,2024-01-15T00:12:00,ap-south
ORD-20240115-00368,CUST-9140,home,2,291.74,583.48,pending,2024-01-15T15:08:00,us-east
ORD-20240115-00369,CUST-3469,electronics,1,196.03,196.03,pending,2024-01-15T16:01:00,eu-central
ORD-20240115-00370,CUST-8775,sports,1,34.19,34.19,pending,2024-01-15T17:51:00,eu-central
ORD-20240115-00371,CUST-9406,books,3,387.76,1163.28,delivered,2024-01-15T03:52:00,us-west
ORD-20240115-00372,CUST-3746,home,5,313.08,1565.4,delivered,2024-01-15T22:52:00,us-east
ORD-20240115-00373,CUST-1727,sports,5,242.8,1214.0,shipped,2024-01-15T23:36:00,us-east
ORD-20240115-00374,CUST-6724,home,2,172.32,344.64,delivered,2024-01-15T06:43:00,us-east
ORD-20240115-00375,CUST-8374,books,2,173.26,346.52,shipped,2024-01-15T13:51:00,us-west
ORD-20240115-00376,CUST-5370,sports,2,243.17,486.34,shipped,2024-01-15T14:56:00,ap-south
ORD-20240115-00377,CUST-7628,clothing,3,160.66,481.98,shipped,2024-01-15T08:38:00,us-east
ORD-20240115-00378,CUST-7192,electronics,2,444.51,889.02,delivered,2024-01-15T07:33:00,us-east
ORD-20240115-00379,CUST-2348,home,1,32.81,32.81,shipped,2024-01-15T06:12:00,ap-south
ORD-20240115-00380,CUST-2065,books,4,15.75,63.0,shipped,2024-01-15T05:03:00,eu-central
ORD-20240115-00381,CUST-3575,sports,2,330.67,661.34,cancelled,2024-01-15T19:23:00,ap-south
ORD-20240115-00382,CUST-7598,books,3,459.3,1377.9,pending,2024-01-15T14:56:00,eu-central
ORD-20240115-00383,CUST-9447,clothing,1,14.6,14.6,shipped,2024-01-15T13:34:00,eu-central
ORD-20240115-00384,CUST-1162,clothing,2,156.14,312.28,cancelled,2024-01-15T21:58:00,us-west
ORD-20240115-00385,CUST-5129,electronics,5,101.39,506.95,delivered,2024-01-15T22:08:00,ap-south
ORD-20240115-00386,CUST-1308,clothing,1,348.88,348.88,shipped,2024-01-15T23:41:00,us-east
ORD-20240115-00387,CUST-6954,electronics,3,227.89,683.67,cancelled,2024-01-15T18:50:00,eu-central
ORD-20240115-00388,CUST-9616,sports,1,402.0,402.0,cancelled,2024-01-15T19:59:00,us-east
ORD-20240115-00389,CUST-7033,sports,4,420.94,1683.76,pending,2024-01-15T13:13:00,us-east
ORD-20240115-00390,CUST-4240,electronics,1,425.58,425.58,cancelled,2024-01-15T09:25:00,ap-south
ORD-20240115-00391,CUST-2916,home,5,417.6,2088.0,shipped,2024-01-15T22:32:00,ap-south
ORD-20240115-00392,CUST-3191,clothing,2,426.07,852.14,shipped,2024-01-15T10:06:00,eu-central
ORD-20240115-00393,CUST-7006,electronics,4,356.47,1425.88,cancelled,2024-01-15T12:53:00,us-east
ORD-20240115-00394,CUST-7478,electronics,1,60.34,60.34,pending,2024-01-15T06:05:00,us-west
ORD-20240115-00395,CUST-3492,books,1,400.47,400.47,pending,2024-01-15T01:00:00,ap-south
ORD-20240115-00396,CUST-5702,sports,3,50.59,151.77,delivered,2024-01-15T03:49:00,eu-central
ORD-20240115-00397,CUST-6208,sports,1,309.7,309.7,delivered,2024-01-15T14:25:00,eu-central
ORD-20240115-00398,CUST-8933,clothing,1,453.95,453.95,pending,2024-01-15T16:54:00,eu-central
ORD-20240115-00399,CUST-4278,books,1,437.16,437.16,delivered,2024-01-15T14:24:00,us-east
ORD-20240115-00400,CUST-9313,books,3,141.15,423.45,delivered,2024-01-15T02:49:00,eu-central
ORD-20240115-00401,CUST-4558,electronics,2,208.3,416.6,cancelled,2024-01-15T04:34:00,eu-central
ORD-20240115-00402,CUST-6305,clothing,4,495.9,1983.6,cancelled,2024-01-15T12:28:00,eu-central
ORD-20240115-00403,CUST-7761,clothing,4,348.61,1394.44,cancelled,2024-01-15T17:24:00,us-west
ORD-20240115-00404,CUST-2735,books,4,432.91,1731.64,cancelled,2024-01-15T20:22:00,eu-central
ORD-20240115-00405,CUST-9444,sports,5,45.25,226.25,cancelled,2024-01-15T09:27:00,ap-south
ORD-20240115-00406,CUST-4767,books,4,343.24,1372.96,delivered,2024-01-15T13:43:00,ap-south
ORD-20240115-00407,CUST-8197,books,5,494.86,2474.3,pending,2024-01-15T23:13:00,eu-central
ORD-20240115-00408,CUST-1348,books,4,330.31,1321.24,shipped,2024-01-15T21:11:00,us-west
ORD-20240115-00409,CUST-2171,sports,1,376.34,376.34,pending,2024-01-15T21:38:00,eu-central
ORD-20240115-00410,CUST-4666,books,5,482.98,2414.9,shipped,2024-01-15T03:06:00,ap-south
ORD-20240115-00411,CUST-9001,sports,1,145.65,145.65,delivered,2024-01-15T22:33:00,eu-central
ORD-20240115-00412,CUST-8492,sports,2,462.49,924.98,shipped,2024-01-15T11:33:00,us-west
ORD-20240115-00413,CUST-4761,books,2,409.77,819.54,pending,2024-01-15T08:09:00,ap-south
ORD-20240115-00414,CUST-7357,books,3,47.75,143.25,shipped,2024-01-15T12:38:00,ap-south
ORD-20240115-00415,CUST-2415,sports,4,366.46,1465.84,cancelled,2024-01-15T17:36:00,us-west
ORD-20240115-00416,CUST-2555,home,3,79.0,237.0,cancelled,2024-01-15T11:38:00,ap-south
ORD-20240115-00417,CUST-1083,books,5,218.62,1093.1,delivered,2024-01-15T04:57:00,ap-south
ORD-20240115-00418,CUST-4604,home,2,321.72,643.44,shipped,2024-01-15T03:22:00,us-east
ORD-20240115-00419,CUST-4288,home,4,349.25,1397.0,cancelled,2024-01-15T09:49:00,us-east
ORD-20240115-00420,CUST-4835,clothing,5,205.62,1028.1,cancelled,2024-01-15T00:18:00,ap-south
ORD-20240115-00421,CUST-8979,home,2,168.05,336.1,delivered,2024-01-15T18:06:00,us-west
ORD-20240115-00422,CUST-3650,sports,5,436.89,2184.45,pending,2024-01-15T12:16:00,us-west
ORD-20240115-00423,CUST-7885,electronics,2,420.05,840.1,shipped,2024-01-15T10:17:00,us-east
ORD-20240115-00424,CUST-6095,electronics,4,57.9,231.6,cancelled,2024-01-15T17:40:00,us-east
ORD-20240115-00425,CUST-9711,clothing,5,264.95,1324.75,pending,2024-01-15T00:01:00,us-west
ORD-20240115-00426,CUST-5136,home,1,79.93,79.93,shipped,2024-01-15T11:39:00,eu-central
ORD-20240115-00427,CUST-7058,sports,2,376.15,752.3,cancelled,2024-01-15T00:20:00,us-east
ORD-20240115-00428,CUST-8782,clothing,1,304.8,304.8,shipped,2024-01-15T23:47:00,us-west
ORD-20240115-00429,CUST-7612,sports,4,219.13,876.52,delivered,2024-01-15T16:56:00,us-west
ORD-20240115-00430,CUST-2915,books,3,19.97,59.91,pending,2024-01-15T07:39:00,us-east
ORD-20240115-00431,CUST-7895,electronics,3,182.02,546.06,delivered,2024-01-15T08:47:00,ap-south
ORD-20240115-00432,CUST-4263,home,2,423.7,847.4,pending,2024-01-15T04:23:00,eu-central
ORD-20240115-00433,CUST-4862,clothing,3,220.12,660.36,pending,2024-01-15T06:16:00,ap-south
ORD-20240115-00434,CUST-5108,clothing,1,75.88,75.88,pending,2024-01-15T11:49:00,us-east
ORD-20240115-00435,CUST-3290,sports,5,335.22,1676.1,shipped,2024-01-15T08:28:00,eu-central
ORD-20240115-00436,CUST-3538,home,4,462.98,1851.92,cancelled,2024-01-15T20:29:00,ap-south
ORD-20240115-00437,CUST-3773,clothing,2,369.25,738.5,delivered,2024-01-15T18:23:00,us-west
ORD-20240115-00438,CUST-4116,clothing,3,426.12,1278.36,shipped,2024-01-15T15:40:00,eu-central
ORD-20240115-00439,CUST-3680,electronics,4,167.05,668.2,pending,2024-01-15T19:01:00,us-west
ORD-20240115-00440,CUST-8499,electronics,2,421.89,843.78,shipped,2024-01-15T08:52:00,us-east
ORD-20240115-00441,CUST-3157,home,1,332.22,332.22,pending,2024-01-15T03:05:00,ap-south
ORD-20240115-00442,CUST-6449,home,4,61.5,246.0,cancelled,2024-01-15T01:33:00,us-west
ORD-20240115-00443,CUST-7187,books,5,398.86,1994.3,pending,2024-01-15T21:31:00,ap-south
ORD-20240115-00444,CUST-7623,books,3,218.64,655.92,shipped,2024-01-15T06:15:00,eu-central
ORD-20240115-00445,CUST-9785,electronics,2,319.31,638.62,cancelled,2024-01-15T19:59:00,eu-central
ORD-20240115-00446,CUST-4284,books,4,465.28,1861.12,shipped,2024-01-15T10:24:00,eu-central
ORD-20240115-00447,CUST-2193,clothing,2,299.05,598.1,shipped,2024-01-15T16:44:00,us-east
ORD-20240115-00448,CUST-8531,sports,5,196.59,982.95,cancelled,2024-01-15T01:36:00,us-west
ORD-20240115-00449,CUST-8435,books,5,137.88,689.4,cancelled,2024-01-15T11:42:00,us-east
ORD-20240115-00450,CUST-7086,sports,3,59.7,179.1,pending,2024-01-15T13:34:00,ap-south
ORD-20240115-00451,CUST-2581,sports,4,306.39,1225.56,cancelled,2024-01-15T10:59:00,ap-south
ORD-20240115-00452,CUST-6642,clothing,1,222.44,222.44,pending,2024-01-15T07:08:00,ap-south
ORD-20240115-00453,CUST-2747,electronics,4,62.85,251.4,delivered,2024-01-15T03:57:00,eu-central
ORD-20240115-00454,CUST-3220,home,5,159.93,799.65,pending,2024-01-15T10:00:00,us-east
ORD-20240115-00455,CUST-1941,electronics,4,423.96,1695.84,shipped,2024-01-15T00:43:00,us-west
ORD-20240115-00456,CUST-1620,books,4,85.98,343.92,delivered,2024-01-15T22:51:00,ap-south
ORD-20240115-00457,CUST-4125,home,2,32.69,65.38,shipped,2024-01-15T18:45:00,us-west
ORD-20240115-00458,CUST-3425,home,3,229.52,688.56,delivered,2024-01-15T22:19:00,us-west
ORD-20240115-00459,CUST-7943,electronics,2,180.88,361.76,cancelled,2024-01-15T13:18:00,us-east
ORD-20240115-00460,CUST-3954,books,1,146.44,146.44,delivered,2024-01-15T07:57:00,eu-central
ORD-20240115-00461,CUST-9782,electronics,1,217.35,217.35,cancelled,2024-01-15T10:32:00,us-west
ORD-20240115-00462,CUST-4744,books,4,59.24,236.96,cancelled,2024-01-15T06:09:00,eu-central
ORD-20240115-00463,CUST-5595,clothing,5,434.9,2174.5,delivered,2024-01-15T19:52:00,us-east
ORD-20240115-00464,CUST-3563,books,5,113.62,568.1,delivered,2024-01-15T03:40:00,eu-central
ORD-20240115-00465,CUST-8960,books,3,144.8,434.4,shipped,2024-01-15T01:31:00,us-west
ORD-20240115-00466,CUST-2343,clothing,4,438.69,1754.76,delivered,2024-01-15T17:25:00,ap-south
ORD-20240115-00467,CUST-3215,sports,5,243.71,1218.55,pending,2024-01-15T07:06:00,us-east
ORD-20240115-00468,CUST-2873,books,3,293.39,880.17,cancelled,2024-01-15T14:04:00,us-east
ORD-20240115-00469,CUST-1616,clothing,1,190.2,190.2,cancelled,2024-01-15T15:46:00,us-west
ORD-20240115-00470,CUST-7380,home,3,115.82,347.46,delivered,2024-01-15T12:53:00,ap-south
ORD-20240115-00471,CUST-3695,books,2,54.69,109.38,cancelled,2024-01-15T22:05:00,ap-south
ORD-20240115-00472,CUST-3485,home,4,384.09,1536.36,shipped,2024-01-15T21:56:00,ap-south
ORD-20240115-00473,CUST-3073,sports,1,225.34,225.34,cancelled,2024-01-15T18:54:00,us-east
ORD-20240115-00474,CUST-2032,sports,2,497.38,994.76,cancelled,2024-01-15T02:47:00,ap-south
ORD-20240115-00475,CUST-2488,electronics,1,227.87,227.87,shipped,2024-01-15T06:22:00,eu-central
ORD-20240115-00476,CUST-2489,electronics,2,103.05,206.1,cancelled,2024-01-15T10:28:00,us-east
ORD-20240115-00477,CUST-5741,sports,1,45.54,45.54,pending,2024-01-15T19:16:00,us-east
ORD-20240115-00478,CUST-2487,clothing,2,273.83,547.66,shipped,2024-01-15T03:00:00,eu-central
ORD-20240115-00479,CUST-4372,sports,3,392.36,1177.08,pending,2024-01-15T19:41:00,ap-south
ORD-20240115-00480,CUST-8444,sports,2,162.1,324.2,pending,2024-01-15T14:12:00,ap-south
ORD-20240115-00481,CUST-2343,books,2,66.12,132.24,pending,2024-01-15T10:08:00,eu-central
ORD-20240115-00482,CUST-8796,home,1,388.87,388.87,shipped,2024-01-15T04:31:00,us-east
ORD-20240115-00483,CUST-5540,electronics,1,82.22,82.22,shipped,2024-01-15T00:30:00,eu-central
ORD-20240115-00484,CUST-5507,clothing,5,253.54,1267.7,pending,2024-01-15T17:51:00,us-east
ORD-20240115-00485,CUST-5246,sports,5,489.0,2445.0,shipped,2024-01-15T17:24:00,eu-central
ORD-20240115-00486,CUST-7476,electronics,3,485.99,1457.97,pending,2024-01-15T09:59:00,eu-central
ORD-20240115-00487,CUST-1845,books,3,366.86,1100.58,pending,2024-01-15T02:23:00,ap-south
ORD-20240115-00488,CUST-4061,electronics,2,344.07,688.14,shipped,2024-01-15T18:32:00,us-west
ORD-20240115-00489,CUST-7619,electronics,1,156.57,156.57,pending,2024-01-15T01:29:00,ap-south
ORD-20240115-00490,CUST-7864,home,2,116.48,232.96,pending,2024-01-15T06:14:00,us-east
ORD-20240115-00491,CUST-1410,home,3,239.21,717.63,delivered,2024-01-15T11:34:00,us-east
ORD-20240115-00492,CUST-3650,clothing,1,483.61,483.61,cancelled,2024-01-15T03:59:00,us-east
ORD-20240115-00493,CUST-2049,clothing,4,150.6,602.4,cancelled,2024-01-15T20:28:00,us-west
ORD-20240115-00494,CUST-6897,home,3,303.42,910.26,cancelled,2024-01-15T11:40:00,us-east
ORD-20240115-00495,CUST-4196,clothing,1,410.68,410.68,pending,2024-01-15T09:46:00,ap-south
ORD-20240115-00496,CUST-8202,electronics,4,196.74,786.96,pending,2024-01-15T08:43:00,us-west
ORD-20240115-00497,CUST-5448,home,5,199.6,998.0,cancelled,2024-01-15T05:52:00,ap-south
ORD-20240115-00498,CUST-5425,sports,5,486.69,2433.45,shipped,2024-01-15T20:14:00,eu-central
ORD-20240115-00499,CUST-7809,books,5,176.89,884.45,shipped,2024-01-15T21:31:00,us-west
ORD-20240115-00500,CUST-3321,sports,2,345.05,690.1,shipped,2024-01-15T09:58:00,us-east
ORD-20240115-00501,CUST-5171,books,5,334.69,1673.45,cancelled,2024-01-15T09:44:00,ap-south
ORD-20240115-00502,CUST-6164,clothing,1,57.04,57.04,delivered,2024-01-15T15:46:00,eu-central
ORD-20240115-00503,CUST-6553,sports,2,44.21,88.42,pending,2024-01-15T17:56:00,eu-central
ORD-20240115-00504,CUST-1533,clothing,3,34.53,103.59,shipped,2024-01-15T07:18:00,us-west
ORD-20240115-00505,CUST-2614,home,5,128.1,640.5,cancelled,2024-01-15T05:18:00,us-east
ORD-20240115-00506,CUST-2946,electronics,2,68.53,137.06,cancelled,2024-01-15T02:50:00,eu-central
ORD-20240115-00507,CUST-2098,sports,2,155.29,310.58,delivered,2024-01-15T13:50:00,ap-south
ORD-20240115-00508,CUST-4006,home,2,374.32,748.64,cancelled,2024-01-15T21:55:00,ap-south
ORD-20240115-00509,CUST-7513,books,5,188.65,943.25,shipped,2024-01-15T18:36:00,ap-south
ORD-20240115-00510,CUST-2591,sports,5,192.62,963.1,shipped,2024-01-15T12:55:00,us-west
ORD-20240115-00511,CUST-9667,electronics,2,260.48,520.96,delivered,2024-01-15T12:26:00,ap-south
ORD-20240115-00512,CUST-2833,books,4,267.92,1071.68,shipped,2024-01-15T04:41:00,us-east
ORD-20240115-00513,CUST-1366,books,2,303.13,606.26,pending,2024-01-15T16:34:00,eu-central
ORD-20240115-00514,CUST-7618,clothing,3,169.78,509.34,cancelled,2024-01-15T13:22:00,us-west
ORD-20240115-00515,CUST-3642,sports,4,241.49,965.96,pending,2024-01-15T05:26:00,ap-south
ORD-20240115-00516,CUST-6018,electronics,4,437.76,1751.04,delivered,2024-01-15T16:30:00,ap-south
ORD-20240115-00517,CUST-8502,home,2,206.5,413.0,cancelled,2024-01-15T13:15:00,eu-central
ORD-20240115-00518,CUST-2306,sports,1,171.49,171.49,cancelled,2024-01-15T14:19:00,ap-south
ORD-20240115-00519,CUST-8408,clothing,2,342.21,684.42,cancelled,2024-01-15T17:42:00,us-east
ORD-20240115-00520,CUST-4705,sports,4,395.89,1583.56,shipped,2024-01-15T12:11:00,eu-central
ORD-20240115-00521,CUST-6003,home,2,155.21,310.42,delivered,2024-01-15T08:58:00,eu-central
ORD-20240115-00522,CUST-5373,electronics,4,449.77,1799.08,delivered,2024-01-15T08:41:00,us-east
ORD-20240115-00523,CUST-8448,clothing,5,456.54,2282.7,pending,2024-01-15T17:55:00,us-east
ORD-20240115-00524,CUST-2226,home,1,250.29,250.29,cancelled,2024-01-15T09:32:00,us-west
ORD-20240115-00525,CUST-3970,clothing,2,228.41,456.82,delivered,2024-01-15T06:39:00,ap-south
ORD-20240115-00526,CUST-8379,books,1,181.28,181.28,cancelled,2024-01-15T17:01:00,us-west
ORD-20240115-00527,CUST-8095,sports,4,412.14,1648.56,pending,2024-01-15T08:44:00,us-west
ORD-20240115-00528,CUST-2127,books,5,482.94,2414.7,pending,2024-01-15T16:34:00,us-west
ORD-20240115-00529,CUST-9094,clothing,5,36.07,180.35,pending,2024-01-15T10:35:00,us-west
ORD-20240115-00530,CUST-2189,home,2,448.36,896.72,cancelled,2024-01-15T08:44:00,eu-central
ORD-20240115-00531,CUST-6042,electronics,4,112.85,451.4,delivered,2024-01-15T23:06:00,us-west
ORD-20240115-00532,CUST-6240,sports,1,15.28,15.28,delivered,2024-01-15T19:08:00,us-west
ORD-20240115-00533,CUST-3662,sports,4,254.98,1019.92,delivered,2024-01-15T23:48:00,ap-south
ORD-20240115-00534,CUST-6180,sports,2,289.53,579.06,delivered,2024-01-15T15:20:00,eu-central
ORD-20240115-00535,CUST-2772,sports,5,164.86,824.3,shipped,2024-01-15T07:39:00,us-west
ORD-20240115-00536,CUST-1021,home,2,203.77,407.54,pending,2024-01-15T02:49:00,us-east
ORD-20240115-00537,CUST-3152,electronics,4,104.8,419.2,delivered,2024-01-15T00:42:00,us-west
ORD-20240115-00538,CUST-3488,electronics,1,265.02,265.02,shipped,2024-01-15T18:45:00,us-east
ORD-20240115-00539,CUST-8227,electronics,2,145.72,291.44,delivered,2024-01-15T11:40:00,us-west
ORD-20240115-00540,CUST-3371,clothing,2,453.96,907.92,cancelled,2024-01-15T10:58:00,eu-central
ORD-20240115-00541,CUST-6649,sports,4,230.76,923.04,pending,2024-01-15T16:29:00,us-east
ORD-20240115-00542,CUST-5535,books,2,91.86,183.72,cancelled,2024-01-15T13:10:00,ap-south
ORD-20240115-00543,CUST-6178,books,2,176.21,352.42,delivered,2024-01-15T19:04:00,us-west
ORD-20240115-00544,CUST-8463,home,4,324.3,1297.2,cancelled,2024-01-15T09:50:00,ap-south
ORD-20240115-00545,CUST-4185,home,4,247.57,990.28,delivered,2024-01-15T16:30:00,eu-central
ORD-20240115-00546,CUST-6915,books,3,304.84,914.52,shipped,2024-01-15T20:52:00,us-east
ORD-20240115-00547,CUST-1798,home,3,414.32,1242.96,delivered,2024-01-15T18:44:00,ap-south
ORD-20240115-00548,CUST-6403,home,3,127.1,381.3,pending,2024-01-15T08:31:00,us-west
ORD-20240115-00549,CUST-1805,electronics,5,235.77,1178.85,cancelled,2024-01-15T18:52:00,us-east
ORD-20240115-00550,CUST-1575,sports,5,353.32,1766.6,cancelled,2024-01-15T01:34:00,us-east
ORD-20240115-00551,CUST-7700,sports,3,155.84,467.52,cancelled,2024-01-15T09:31:00,us-west
ORD-20240115-00552,CUST-3973,books,5,410.33,2051.65,delivered,2024-01-15T07:52:00,us-east
ORD-20240115-00553,CUST-5773,home,1,62.09,62.09,pending,2024-01-15T11:27:00,ap-south
ORD-20240115-00554,CUST-2968,books,1,133.88,133.88,delivered,2024-01-15T16:49:00,us-east
ORD-20240115-00555,CUST-3621,electronics,1,271.2,271.2,pending,2024-01-15T22:15:00,us-east
ORD-20240115-00556,CUST-8016,books,3,423.33,1269.99,shipped,2024-01-15T19:59:00,eu-central
ORD-20240115-00557,CUST-5573,home,5,361.65,1808.25,cancelled,2024-01-15T01:19:00,us-west
ORD-20240115-00558,CUST-2270,home,2,40.35,80.7,shipped,2024-01-15T23:57:00,us-west
ORD-20240115-00559,CUST-1502,books,4,138.73,554.92,pending,2024-01-15T17:52:00,us-west
ORD-20240115-00560,CUST-9522,books,2,275.54,551.08,shipped,2024-01-15T09:46:00,us-west
ORD-20240115-00561,CUST-6292,sports,4,426.71,1706.84,delivered,2024-01-15T07:24:00,eu-central
ORD-20240115-00562,CUST-8235,sports,2,189.85,379.7,delivered,2024-01-15T07:16:00,eu-central
ORD-20240115-00563,CUST-8012,clothing,1,33.12,33.12,delivered,2024-01-15T20:04:00,us-west
ORD-20240115-00564,CUST-1457,home,3,68.69,206.07,pending,2024-01-15T05:49:00,us-east
ORD-20240115-00565,CUST-1054,electronics,2,222.7,445.4,pending,2024-01-15T10:21:00,ap-south
ORD-20240115-00566,CUST-2502,clothing,1,20.42,20.42,pending,2024-01-15T00:56:00,us-east
ORD-20240115-00567,CUST-5319,home,5,35.89,179.45,delivered,2024-01-15T10:17:00,ap-south
ORD-20240115-00568,CUST-8755,electronics,1,126.21,126.21,shipped,2024-01-15T13:23:00,us-east
ORD-20240115-00569,CUST-6261,electronics,4,321.67,1286.68,delivered,2024-01-15T17:19:00,us-east
ORD-20240115-00570,CUST-2257,sports,5,64.92,324.6,cancelled,2024-01-15T20:45:00,us-west
ORD-20240115-00571,CUST-5816,books,4,177.07,708.28,shipped,2024-01-15T13:03:00,us-west
ORD-20240115-00572,CUST-6127,electronics,1,39.59,39.59,pending,2024-01-15T23:35:00,eu-central
ORD-20240115-00573,CUST-9275,clothing,4,452.95,1811.8,cancelled,2024-01-15T03:33:00,us-west
ORD-20240115-00574,CUST-6429,electronics,3,377.98,1133.94,cancelled,2024-01-15T02:12:00,ap-south
ORD-20240115-00575,CUST-9449,books,4,162.54,650.16,pending,2024-01-15T03:01:00,ap-south
ORD-20240115-00576,CUST-9405,electronics,2,196.48,392.96,delivered,2024-01-15T13:03:00,us-west
ORD-20240115-00577,CUST-3633,electronics,5,425.63,2128.15,pending,2024-01-15T14:50:00,us-west
ORD-20240115-00578,CUST-4856,electronics,5,210.46,1052.3,cancelled,2024-01-15T14:36:00,us-east
ORD-20240115-00579,CUST-5148,books,1,223.26,223.26,delivered,2024-01-15T12:29:00,eu-central
ORD-20240115-00580,CUST-1120,sports,1,178.47,178.47,delivered,2024-01-15T05:17:00,us-east
ORD-20240115-00581,CUST-6210,electronics,5,195.17,975.85,cancelled,2024-01-15T04:32:00,ap-south
ORD-20240115-00582,CUST-4822,home,1,213.42,213.42,pending,2024-01-15T14:53:00,ap-south
ORD-20240115-00583,CUST-5928,books,1,394.0,394.0,pending,2024-01-15T03:39:00,ap-south
ORD-20240115-00584,CUST-4056,electronics,2,284.35,568.7,delivered,2024-01-15T05:13:00,us-west
ORD-20240115-00585,CUST-3833,sports,3,382.39,1147.17,pending,2024-01-15T05:19:00,us-east
ORD-20240115-00586,CUST-8601,sports,5,161.02,805.1,cancelled,2024-01-15T09:57:00,us-east
ORD-20240115-00587,CUST-4594,books,2,87.82,175.64,shipped,2024-01-15T11:39:00,us-east
ORD-20240115-00588,CUST-3555,home,1,348.37,348.37,cancelled,2024-01-15T09:08:00,eu-central
ORD-20240115-00589,CUST-3628,clothing,3,40.07,120.21,cancelled,2024-01-15T02:12:00,us-east
ORD-20240115-00590,CUST-9909,electronics,4,238.98,955.92,shipped,2024-01-15T01:52:00,us-east
ORD-20240115-00591,CUST-1703,electronics,4,15.92,63.68,delivered,2024-01-15T13:31:00,us-east
ORD-20240115-00592,CUST-3386,home,2,240.36,480.72,delivered,2024-01-15T14:51:00,eu-central
ORD-20240115-00593,CUST-2694,books,2,105.25,210.5,delivered,2024-01-15T02:47:00,us-east
ORD-20240115-00594,CUST-1176,electronics,3,388.83,1166.49,cancelled,2024-01-15T00:44:00,us-west
ORD-20240115-00595,CUST-4718,home,1,286.57,286.57,cancelled,2024-01-15T05:39:00,us-west
ORD-20240115-00596,CUST-4076,sports,1,162.66,162.66,pending,2024-01-15T02:44:00,eu-central
ORD-20240115-00597,CUST-3702,sports,4,252.48,1009.92,cancelled,2024-01-15T09:54:00,ap-south
ORD-20240115-00598,CUST-9072,clothing,5,267.82,1339.1,delivered,2024-01-15T09:38:00,us-west
ORD-20240115-00599,CUST-7652,home,4,214.36,857.44,delivered,2024-01-15T01:28:00,us-east
ORD-20240115-00600,CUST-5835,clothing,3,230.39,691.17,pending,2024-01-15T10:04:00,ap-south
ORD-20240115-00601,CUST-7576,books,1,127.68,127.68,pending,2024-01-15T18:49:00,ap-south
ORD-20240115-00602,CUST-6782,home,1,329.8,329.8,cancelled,2024-01-15T16:03:00,us-west
ORD-20240115-00603,CUST-3804,home,1,231.55,231.55,shipped,2024-01-15T00:54:00,ap-south
ORD-20240115-00604,CUST-3268,home,1,387.78,387.78,pending,2024-01-15T10:32:00,eu-central
ORD-20240115-00605,CUST-7473,sports,5,403.78,2018.9,delivered,2024-01-15T08:49:00,us-west
ORD-20240115-00606,CUST-1004,sports,1,277.67,277.67,pending,2024-01-15T14:23:00,us-east
ORD-20240115-00607,CUST-6747,sports,3,265.64,796.92,shipped,2024-01-15T18:00:00,ap-south
ORD-20240115-00608,CUST-4072,books,2,408.66,817.32,cancelled,2024-01-15T06:21:00,eu-central
ORD-20240115-00609,CUST-5898,books,3,393.48,1180.44,shipped,2024-01-15T18:31:00,us-west
ORD-20240115-00610,CUST-1271,books,5,493.79,2468.95,delivered,2024-01-15T22:41:00,ap-south
ORD-20240115-00611,CUST-9660,books,2,405.52,811.04,shipped,2024-01-15T06:13:00,ap-south
ORD-20240115-00612,CUST-8589,clothing,3,449.72,1349.16,pending,2024-01-15T19:34:00,ap-south
ORD-20240115-00613,CUST-5504,clothing,3,432.35,1297.05,shipped,2024-01-15T02:26:00,us-west
ORD-20240115-00614,CUST-2989,books,4,397.97,1591.88,shipped,2024-01-15T14:22:00,us-west
ORD-20240115-00615,CUST-2128,sports,5,177.35,886.75,pending,2024-01-15T00:18:00,eu-central
ORD-20240115-00616,CUST-7629,clothing,1,410.14,410.14,delivered,2024-01-15T12:13:00,us-east
ORD-20240115-00617,CUST-9614,sports,5,408.91,2044.55,cancelled,2024-01-15T05:02:00,us-west
ORD-20240115-00618,CUST-2931,sports,4,255.8,1023.2,cancelled,2024-01-15T16:47:00,us-west
ORD-20240115-00619,CUST-7863,home,2,367.24,734.48,delivered,2024-01-15T00:03:00,eu-central
ORD-20240115-00620,CUST-4422,electronics,2,218.73,437.46,pending,2024-01-15T19:42:00,us-west
ORD-20240115-00621,CUST-3409,clothing,2,72.91,145.82,shipped,2024-01-15T12:35:00,us-east
ORD-20240115-00622,CUST-4048,home,4,488.12,1952.48,pending,2024-01-15T17:42:00,eu-central
ORD-20240115-00623,CUST-5026,home,5,408.46,2042.3,cancelled,2024-01-15T09:32:00,us-west
ORD-20240115-00624,CUST-6104,sports,4,122.56,490.24,shipped,2024-01-15T15:59:00,us-east
ORD-20240115-00625,CUST-2908,electronics,3,357.65,1072.95,delivered,2024-01-15T00:18:00,eu-central
ORD-20240115-00626,CUST-1276,clothing,3,271.5,814.5,pending,2024-01-15T00:53:00,us-west
ORD-20240115-00627,CUST-3881,sports,4,345.62,1382.48,pending,2024-01-15T20:05:00,us-east
ORD-20240115-00628,CUST-8009,home,3,402.03,1206.09,shipped,2024-01-15T11:01:00,ap-south
ORD-20240115-00629,CUST-2279,electronics,3,194.67,584.01,delivered,2024-01-15T20:58:00,us-east
ORD-20240115-00630,CUST-2611,electronics,5,410.21,2051.05,delivered,2024-01-15T15:06:00,us-west
ORD-20240115-00631,CUST-6664,clothing,4,264.66,1058.64,cancelled,2024-01-15T16:48:00,us-east
ORD-20240115-00632,CUST-9744,electronics,4,363.64,1454.56,pending,2024-01-15T13:43:00,us-west
ORD-20240115-00633,CUST-5561,books,2,330.17,660.34,shipped,2024-01-15T23:26:00,eu-central
ORD-20240115-00634,CUST-5483,books,1,408.57,408.57,cancelled,2024-01-15T08:38:00,us-west
ORD-20240115-00635,CUST-7310,electronics,5,177.98,889.9,delivered,2024-01-15T19:49:00,ap-south
ORD-20240115-00636,CUST-5589,home,4,20.08,80.32,pending,2024-01-15T02:35:00,ap-south
ORD-20240115-00637,CUST-6882,clothing,4,230.92,923.68,shipped,2024-01-15T08:26:00,us-east
ORD-20240115-00638,CUST-4539,home,2,265.16,530.32,cancelled,2024-01-15T18:15:00,us-east
ORD-20240115-00639,CUST-1744,electronics,3,36.66,109.98,shipped,2024-01-15T22:03:00,ap-south
ORD-20240115-00640,CUST-3432,clothing,1,158.54,158.54,shipped,2024-01-15T14:15:00,eu-central
ORD-20240115-00641,CUST-4467,electronics,5,78.1,390.5,pending,2024-01-15T04:43:00,eu-central
ORD-20240115-00642,CUST-7002,electronics,4,276.05,1104.2,pending,2024-01-15T11:00:00,us-east
ORD-20240115-00643,CUST-3371,electronics,1,255.85,255.85,pending,2024-01-15T05:55:00,us-west
ORD-20240115-00644,CUST-6486,clothing,5,438.85,2194.25,cancelled,2024-01-15T09:18:00,us-east
ORD-20240115-00645,CUST-7857,clothing,1,207.08,207.08,delivered,2024-01-15T14:35:00,ap-south
ORD-20240115-00646,CUST-9032,home,2,419.89,839.78,delivered,2024-01-15T00:20:00,us-east
ORD-20240115-00647,CUST-8997,electronics,4,412.31,1649.24,delivered,2024-01-15T23:18:00,eu-central
ORD-20240115-00648,CUST-6651,sports,3,237.48,712.44,shipped,2024-01-15T13:56:00,us-east
ORD-20240115-00649,CUST-5408,home,4,257.86,1031.44,cancelled,2024-01-15T09:06:00,us-east
ORD-20240115-00650,CUST-8993,home,3,449.87,1349.61,cancelled,2024-01-15T16:49:00,us-east
ORD-20240115-00651,CUST-7464,electronics,5,284.7,1423.5,cancelled,2024-01-15T06:38:00,us-east
ORD-20240115-00652,CUST-1865,books,1,83.94,83.94,pending,2024-01-15T02:41:00,eu-central
ORD-20240115-00653,CUST-9146,home,1,89.24,89.24,cancelled,2024-01-15T06:12:00,ap-south
ORD-20240115-00654,CUST-3707,sports,1,136.54,136.54,shipped,2024-01-15T12:50:00,eu-central
ORD-20240115-00655,CUST-6256,clothing,2,147.79,295.58,shipped,2024-01-15T19:42:00,us-east
ORD-20240115-00656,CUST-8062,books,3,109.7,329.1,delivered,2024-01-15T09:04:00,eu-central
ORD-20240115-00657,CUST-8385,clothing,3,243.82,731.46,delivered,2024-01-15T05:52:00,ap-south
ORD-20240115-00658,CUST-3510,books,3,484.26,1452.78,pending,2024-01-15T10:47:00,ap-south
ORD-20240115-00659,CUST-8360,home,3,226.62,679.86,shipped,2024-01-15T17:16:00,eu-central
ORD-20240115-00660,CUST-1486,electronics,5,352.08,1760.4,shipped,2024-01-15T14:55:00,eu-central
ORD-20240115-00661,CUST-8270,books,2,297.82,595.64,delivered,2024-01-15T21:13:00,us-west
ORD-20240115-00662,CUST-4070,clothing,4,109.37,437.48,delivered,2024-01-15T21:21:00,ap-south
ORD-20240115-00663,CUST-3965,sports,1,418.34,418.34,pending,2024-01-15T00:21:00,ap-south
ORD-20240115-00664,CUST-4052,home,3,120.73,362.19,cancelled,2024-01-15T22:44:00,eu-central
ORD-20240115-00665,CUST-9084,home,2,126.51,253.02,delivered,2024-01-15T03:55:00,ap-south
ORD-20240115-00666,CUST-6671,home,1,214.1,214.1,delivered,2024-01-15T03:57:00,ap-south
ORD-20240115-00667,CUST-6751,sports,1,151.15,151.15,cancelled,2024-01-15T09:05:00,ap-south
ORD-20240115-00668,CUST-5144,sports,2,250.56,501.12,delivered,2024-01-15T06:12:00,us-west
ORD-20240115-00669,CUST-8819,clothing,5,437.84,2189.2,pending,2024-01-15T07:52:00,ap-south
ORD-20240115-00670,CUST-2605,home,3,204.31,612.93,pending,2024-01-15T09:38:00,eu-central
ORD-20240115-00671,CUST-3069,home,4,327.92,1311.68,shipped,2024-01-15T15:18:00,eu-central
ORD-20240115-00672,CUST-4898,clothing,3,32.19,96.57,pending,2024-01-15T08:32:00,eu-central
ORD-20240115-00673,CUST-4840,clothing,4,30.56,122.24,delivered,2024-01-15T17:36:00,us-east
ORD-20240115-00674,CUST-4918,sports,3,116.61,349.83,delivered,2024-01-15T17:10:00,ap-south
ORD-20240115-00675,CUST-7106,electronics,2,485.53,971.06,delivered,2024-01-15T01:32:00,eu-central
ORD-20240115-00676,CUST-3589,home,4,460.07,1840.28,delivered,2024-01-15T17:37:00,eu-central
ORD-20240115-00677,CUST-3432,books,5,466.12,2330.6,pending,2024-01-15T11:48:00,us-east
ORD-20240115-00678,CUST-8883,home,4,200.9,803.6,cancelled,2024-01-15T02:09:00,us-east
ORD-20240115-00679,CUST-1048,clothing,4,343.06,1372.24,shipped,2024-01-15T23:13:00,ap-south
ORD-20240115-00680,CUST-2491,sports,3,385.61,1156.83,delivered,2024-01-15T05:35:00,us-west
ORD-20240115-00681,CUST-6812,books,2,113.63,227.26,delivered,2024-01-15T00:49:00,ap-south
ORD-20240115-00682,CUST-9423,sports,4,268.93,1075.72,cancelled,2024-01-15T13:55:00,us-west
ORD-20240115-00683,CUST-6734,clothing,2,409.41,818.82,cancelled,2024-01-15T17:37:00,us-east
ORD-20240115-00684,CUST-9264,electronics,5,151.76,758.8,delivered,2024-01-15T02:23:00,eu-central
ORD-20240115-00685,CUST-9264,electronics,1,437.06,437.06,cancelled,2024-01-15T18:53:00,us-east
ORD-20240115-00686,CUST-3257,electronics,3,471.31,1413.93,shipped,2024-01-15T05:51:00,eu-central
ORD-20240115-00687,CUST-6411,home,2,467.1,934.2,pending,2024-01-15T23:36:00,eu-central
ORD-20240115-00688,CUST-1237,books,2,317.12,634.24,shipped,2024-01-15T08:41:00,eu-central
ORD-20240115-00689,CUST-6155,electronics,1,285.27,285.27,cancelled,2024-01-15T17:58:00,eu-central
ORD-20240115-00690,CUST-3668,home,3,192.57,577.71,shipped,2024-01-15T04:55:00,ap-south
ORD-20240115-00691,CUST-2760,books,2,95.55,191.1,shipped,2024-01-15T20:48:00,eu-central
ORD-20240115-00692,CUST-3818,electronics,1,470.29,470.29,pending,2024-01-15T10:18:00,ap-south
ORD-20240115-00693,CUST-6243,home,5,498.66,2493.3,shipped,2024-01-15T11:34:00,us-east
ORD-20240115-00694,CUST-4987,clothing,2,319.19,638.38,cancelled,2024-01-15T23:46:00,ap-south
ORD-20240115-00695,CUST-4040,home,3,321.82,965.46,shipped,2024-01-15T15:14:00,us-west
ORD-20240115-00696,CUST-7971,sports,3,305.25,915.75,cancelled,2024-01-15T12:18:00,eu-central
ORD-20240115-00697,CUST-5645,home,2,375.76,751.52,cancelled,2024-01-15T12:23:00,eu-central
ORD-20240115-00698,CUST-9339,sports,2,151.62,303.24,shipped,2024-01-15T09:34:00,us-east
ORD-20240115-00699,CUST-4336,electronics,3,344.21,1032.63,cancelled,2024-01-15T02:30:00,eu-central
ORD-20240115-00700,CUST-3145,books,1,204.85,204.85,cancelled,2024-01-15T18:39:00,eu-central
ORD-20240115-00701,CUST-6341,home,3,264.55,793.65,shipped,2024-01-15T09:13:00,ap-south
ORD-20240115-00702,CUST-6088,clothing,4,406.27,1625.08,cancelled,2024-01-15T07:13:00,ap-south
ORD-20240115-00703,CUST-5997,electronics,5,465.45,2327.25,cancelled,2024-01-15T22:48:00,us-east
ORD-20240115-00704,CUST-4626,electronics,2,36.6,73.2,delivered,2024-01-15T16:31:00,us-east
ORD-20240115-00705,CUST-7376,books,1,175.86,175.86,delivered,2024-01-15T21:22:00,ap-south
ORD-20240115-00706,CUST-3369,electronics,1,328.31,328.31,pending,2024-01-15T11:41:00,us-west
ORD-20240115-00707,CUST-7535,home,1,23.76,23.76,pending,2024-01-15T14:08:00,ap-south
ORD-20240115-00708,CUST-5203,sports,4,427.22,1708.88,pending,2024-01-15T18:44:00,us-west
ORD-20240115-00709,CUST-7482,home,4,89.97,359.88,cancelled,2024-01-15T17:34:00,us-east
ORD-20240115-00710,CUST-8158,sports,5,35.28,176.4,delivered,2024-01-15T13:47:00,us-east
ORD-20240115-00711,CUST-7390,electronics,5,289.98,1449.9,delivered,2024-01-15T13:38:00,ap-south
ORD-20240115-00712,CUST-9673,home,5,421.56,2107.8,shipped,2024-01-15T06:49:00,ap-south
ORD-20240115-00713,CUST-5235,books,5,294.54,1472.7,delivered,2024-01-15T19:36:00,us-west
ORD-20240115-00714,CUST-8992,clothing,3,178.88,536.64,pending,2024-01-15T07:10:00,eu-central
ORD-20240115-00715,CUST-4064,books,1,123.15,123.15,shipped,2024-01-15T21:40:00,eu-central
ORD-20240115-00716,CUST-5560,electronics,1,362.98,362.98,shipped,2024-01-15T12:07:00,us-west
ORD-20240115-00717,CUST-1905,home,1,31.25,31.25,cancelled,2024-01-15T14:00:00,us-east
ORD-20240115-00718,CUST-3154,clothing,4,68.16,272.64,cancelled,2024-01-15T19:29:00,us-east
ORD-20240115-00719,CUST-3876,electronics,1,474.11,474.11,shipped,2024-01-15T23:40:00,ap-south
ORD-20240115-00720,CUST-7686,home,5,137.13,685.65,shipped,2024-01-15T04:33:00,eu-central
ORD-20240115-00721,CUST-2051,clothing,5,312.73,1563.65,pending,2024-01-15T02:08:00,us-west
ORD-20240115-00722,CUST-5962,home,4,223.1,892.4,cancelled,2024-01-15T02:11:00,us-west
ORD-20240115-00723,CUST-3140,sports,1,430.96,430.96,shipped,2024-01-15T16:26:00,us-west
ORD-20240115-00724,CUST-9494,electronics,3,453.51,1360.53,delivered,2024-01-15T07:33:00,us-east
ORD-20240115-00725,CUST-8176,home,2,188.0,376.0,cancelled,2024-01-15T18:35:00,eu-central
ORD-20240115-00726,CUST-5449,sports,2,248.84,497.68,delivered,2024-01-15T03:07:00,us-east
ORD-20240115-00727,CUST-8389,home,1,252.09,252.09,delivered,2024-01-15T20:52:00,eu-central
ORD-20240115-00728,CUST-3712,clothing,4,401.81,1607.24,delivered,2024-01-15T13:18:00,us-west
ORD-20240115-00729,CUST-7273,electronics,5,378.88,1894.4,cancelled,2024-01-15T17:58:00,us-west
ORD-20240115-00730,CUST-3784,sports,1,458.41,458.41,pending,2024-01-15T03:46:00,ap-south
ORD-20240115-00731,CUST-4658,home,5,122.38,611.9,delivered,2024-01-15T13:21:00,ap-south
ORD-20240115-00732,CUST-9465,sports,1,59.72,59.72,cancelled,2024-01-15T21:11:00,ap-south
ORD-20240115-00733,CUST-8410,sports,5,44.79,223.95,delivered,2024-01-15T11:56:00,eu-central
ORD-20240115-00734,CUST-1574,clothing,3,52.18,156.54,pending,2024-01-15T05:59:00,us-west
ORD-20240115-00735,CUST-1482,electronics,2,115.34,230.68,delivered,2024-01-15T04:39:00,ap-south
ORD-20240115-00736,CUST-9939,home,3,490.02,1470.06,delivered,2024-01-15T00:48:00,us-east
ORD-20240115-00737,CUST-4849,clothing,2,296.54,593.08,shipped,2024-01-15T13:22:00,us-west
ORD-20240115-00738,CUST-8068,books,2,77.07,154.14,cancelled,2024-01-15T16:04:00,ap-south
ORD-20240115-00739,CUST-6358,home,1,342.2,342.2,delivered,2024-01-15T11:42:00,eu-central
ORD-20240115-00740,CUST-7997,electronics,4,433.39,1733.56,delivered,2024-01-15T20:39:00,us-west
ORD-20240115-00741,CUST-4095,home,5,421.34,2106.7,cancelled,2024-01-15T08:17:00,us-east
ORD-20240115-00742,CUST-6764,sports,2,165.21,330.42,delivered,2024-01-15T10:12:00,eu-central
ORD-20240115-00743,CUST-4204,sports,2,496.57,993.14,shipped,2024-01-15T00:33:00,us-west
ORD-20240115-00744,CUST-1495,electronics,3,449.79,1349.37,shipped,2024-01-15T20:13:00,us-east
ORD-20240115-00745,CUST-4206,electronics,1,188.71,188.71,shipped,2024-01-15T18:44:00,eu-central
ORD-20240115-00746,CUST-4940,books,1,289.83,289.83,delivered,2024-01-15T12:39:00,us-east
ORD-20240115-00747,CUST-7146,sports,4,427.45,1709.8,pending,2024-01-15T02:56:00,eu-central
ORD-20240115-00748,CUST-1787,electronics,4,211.25,845.0,cancelled,2024-01-15T09:07:00,us-east
ORD-20240115-00749,CUST-1486,sports,4,260.99,1043.96,cancelled,2024-01-15T21:54:00,ap-south
ORD-20240115-00750,CUST-7607,home,5,289.88,1449.4,shipped,2024-01-15T19:12:00,eu-central
ORD-20240115-00751,CUST-8798,electronics,2,244.82,489.64,pending,2024-01-15T20:11:00,us-west
ORD-20240115-00752,CUST-4778,books,2,372.75,745.5,shipped,2024-01-15T03:10:00,eu-central
ORD-20240115-00753,CUST-1738,electronics,4,429.72,1718.88,delivered,2024-01-15T23:57:00,eu-central
ORD-20240115-00754,CUST-2696,clothing,3,157.31,471.93,delivered,2024-01-15T00:45:00,us-east
ORD-20240115-00755,CUST-5417,books,1,56.05,56.05,shipped,2024-01-15T23:44:00,eu-central
ORD-20240115-00756,CUST-5836,books,5,347.94,1739.7,cancelled,2024-01-15T17:11:00,us-east
ORD-20240115-00757,CUST-9585,books,4,104.05,416.2,pending,2024-01-15T22:32:00,eu-central
ORD-20240115-00758,CUST-4467,books,2,95.66,191.32,shipped,2024-01-15T19:49:00,eu-central
ORD-20240115-00759,CUST-4437,sports,3,128.91,386.73,delivered,2024-01-15T19:58:00,eu-central
ORD-20240115-00760,CUST-5652,home,1,356.27,356.27,delivered,2024-01-15T21:37:00,eu-central
ORD-20240115-00761,CUST-6190,electronics,5,190.02,950.1,shipped,2024-01-15T06:36:00,eu-central
ORD-20240115-00762,CUST-8643,clothing,3,386.86,1160.58,delivered,2024-01-15T10:25:00,us-east
ORD-20240115-00763,CUST-2817,home,4,455.74,1822.96,delivered,2024-01-15T19:00:00,eu-central
ORD-20240115-00764,CUST-7471,books,2,267.02,534.04,delivered,2024-01-15T22:56:00,ap-south
ORD-20240115-00765,CUST-7358,books,1,39.7,39.7,cancelled,2024-01-15T07:29:00,us-west
ORD-20240115-00766,CUST-5602,books,1,472.55,472.55,shipped,2024-01-15T16:53:00,us-east
ORD-20240115-00767,CUST-4320,electronics,2,33.27,66.54,cancelled,2024-01-15T19:38:00,us-east
ORD-20240115-00768,CUST-8739,electronics,3,212.36,637.08,delivered,2024-01-15T07:44:00,us-east
ORD-20240115-00769,CUST-3155,electronics,4,471.49,1885.96,pending,2024-01-15T03:58:00,eu-central
ORD-20240115-00770,CUST-1512,sports,4,385.74,1542.96,shipped,2024-01-15T14:00:00,us-east
ORD-20240115-00771,CUST-2325,sports,2,245.46,490.92,pending,2024-01-15T23:11:00,us-east
ORD-20240115-00772,CUST-5320,electronics,3,275.33,825.99,shipped,2024-01-15T08:10:00,us-west
ORD-20240115-00773,CUST-6749,home,1,462.52,462.52,delivered,2024-01-15T00:32:00,us-east
ORD-20240115-00774,CUST-9225,home,5,482.11,2410.55,cancelled,2024-01-15T11:38:00,eu-central
ORD-20240115-00775,CUST-1835,books,3,482.7,1448.1,delivered,2024-01-15T18:22:00,us-east
ORD-20240115-00776,CUST-1983,sports,4,289.39,1157.56,pending,2024-01-15T16:31:00,eu-central
ORD-20240115-00777,CUST-5912,sports,3,49.31,147.93,delivered,2024-01-15T15:49:00,eu-central
ORD-20240115-00778,CUST-8083,clothing,2,471.73,943.46,cancelled,2024-01-15T09:23:00,us-west
ORD-20240115-00779,CUST-3423,home,4,469.7,1878.8,pending,2024-01-15T01:29:00,us-west
ORD-20240115-00780,CUST-2078,sports,2,155.46,310.92,pending,2024-01-15T23:23:00,ap-south
ORD-20240115-00781,CUST-7710,books,3,250.43,751.29,cancelled,2024-01-15T17:15:00,us-west
ORD-20240115-00782,CUST-5448,electronics,5,227.48,1137.4,shipped,2024-01-15T13:40:00,eu-central
ORD-20240115-00783,CUST-1154,clothing,1,281.4,281.4,cancelled,2024-01-15T01:06:00,eu-central
ORD-20240115-00784,CUST-6741,electronics,5,413.93,2069.65,pending,2024-01-15T03:57:00,eu-central
ORD-20240115-00785,CUST-8920,electronics,1,470.32,470.32,cancelled,2024-01-15T10:13:00,eu-central
ORD-20240115-00786,CUST-6567,sports,1,130.4,130.4,pending,2024-01-15T21:23:00,us-east
ORD-20240115-00787,CUST-6326,books,5,118.57,592.85,cancelled,2024-01-15T08:17:00,ap-south
ORD-20240115-00788,CUST-2042,books,2,421.78,843.56,delivered,2024-01-15T18:19:00,eu-central
ORD-20240115-00789,CUST-6616,books,1,331.38,331.38,delivered,2024-01-15T08:15:00,ap-south
ORD-20240115-00790,CUST-5894,home,5,275.69,1378.45,pending,2024-01-15T22:17:00,ap-south
ORD-20240115-00791,CUST-7987,electronics,1,493.57,493.57,pending,2024-01-15T19:54:00,us-east
ORD-20240115-00792,CUST-3731,home,5,38.39,191.95,delivered,2024-01-15T18:58:00,ap-south
ORD-20240115-00793,CUST-5581,home,2,189.47,378.94,pending,2024-01-15T08:47:00,ap-south
ORD-20240115-00794,CUST-3735,clothing,4,21.5,86.0,cancelled,2024-01-15T00:07:00,eu-central
ORD-20240115-00795,CUST-3742,electronics,2,127.82,255.64,cancelled,2024-01-15T03:12:00,us-west
ORD-20240115-00796,CUST-8565,books,5,477.63,2388.15,pending,2024-01-15T13:13:00,us-east
ORD-20240115-00797,CUST-8713,books,2,191.1,382.2,delivered,2024-01-15T00:29:00,ap-south
ORD-20240115-00798,CUST-1728,home,3,344.43,1033.29,pending,2024-01-15T21:43:00,eu-central
ORD-20240115-00799,CUST-1438,clothing,1,60.66,60.66,cancelled,2024-01-15T10:37:00,eu-central
ORD-20240115-00800,CUST-7322,clothing,4,481.9,1927.6,pending,2024-01-15T13:46:00,ap-south
ORD-20240115-00801,CUST-4699,clothing,2,352.73,705.46,pending,2024-01-15T20:21:00,us-west
ORD-20240115-00802,CUST-2419,sports,5,141.3,706.5,delivered,2024-01-15T20:33:00,us-west
ORD-20240115-00803,CUST-9699,clothing,5,397.99,1989.95,shipped,2024-01-15T17:30:00,ap-south
ORD-20240115-00804,CUST-8842,clothing,1,44.05,44.05,shipped,2024-01-15T00:53:00,eu-central
ORD-20240115-00805,CUST-3126,home,2,27.37,54.74,delivered,2024-01-15T01:12:00,ap-south
ORD-20240115-00806,CUST-4289,sports,1,61.71,61.71,pending,2024-01-15T02:43:00,us-west
ORD-20240115-00807,CUST-5675,clothing,2,286.16,572.32,shipped,2024-01-15T20:21:00,ap-south
ORD-20240115-00808,CUST-7733,home,3,458.11,1374.33,shipped,2024-01-15T02:34:00,us-west
ORD-20240115-00809,CUST-9357,sports,4,60.31,241.24,pending,2024-01-15T03:54:00,us-east
ORD-20240115-00810,CUST-4325,home,3,418.0,1254.0,cancelled,2024-01-15T10:20:00,eu-central
ORD-20240115-00811,CUST-8608,sports,2,223.9,447.8,cancelled,2024-01-15T13:40:00,us-west
ORD-20240115-00812,CUST-5164,books,4,340.37,1361.48,cancelled,2024-01-15T21:27:00,ap-south
ORD-20240115-00813,CUST-1086,books,2,205.93,411.86,cancelled,2024-01-15T10:21:00,ap-south
ORD-20240115-00814,CUST-4520,home,1,107.03,107.03,cancelled,2024-01-15T10:41:00,eu-central
ORD-20240115-00815,CUST-1867,home,5,10.64,53.2,shipped,2024-01-15T10:52:00,eu-central
ORD-20240115-00816,CUST-4398,clothing,4,449.96,1799.84,cancelled,2024-01-15T16:29:00,us-west
ORD-20240115-00817,CUST-7081,electronics,3,337.05,1011.15,shipped,2024-01-15T09:09:00,us-east
ORD-20240115-00818,CUST-9992,electronics,3,408.39,1225.17,delivered,2024-01-15T05:05:00,ap-south
ORD-20240115-00819,CUST-5478,home,5,344.3,1721.5,pending,2024-01-15T15:46:00,ap-south
ORD-20240115-00820,CUST-9558,home,4,313.16,1252.64,shipped,2024-01-15T15:08:00,eu-central
ORD-20240115-00821,CUST-9985,electronics,5,169.25,846.25,cancelled,2024-01-15T02:04:00,us-east
ORD-20240115-00822,CUST-8698,home,3,36.19,108.57,cancelled,2024-01-15T00:58:00,ap-south
ORD-20240115-00823,CUST-9586,books,4,77.57,310.28,delivered,2024-01-15T03:06:00,us-west
ORD-20240115-00824,CUST-6139,electronics,3,66.55,199.65,delivered,2024-01-15T13:03:00,us-east
ORD-20240115-00825,CUST-6181,electronics,2,460.12,920.24,shipped,2024-01-15T08:19:00,us-east
ORD-20240115-00826,CUST-6509,books,5,77.06,385.3,shipped,2024-01-15T05:58:00,us-west
ORD-20240115-00827,CUST-8895,clothing,2,328.94,657.88,cancelled,2024-01-15T15:05:00,us-west
ORD-20240115-00828,CUST-3214,home,1,141.84,141.84,pending,2024-01-15T12:48:00,us-west
ORD-20240115-00829,CUST-7276,electronics,3,62.65,187.95,pending,2024-01-15T18:29:00,us-east
ORD-20240115-00830,CUST-5478,home,3,106.66,319.98,cancelled,2024-01-15T23:18:00,eu-central
ORD-20240115-00831,CUST-2019,sports,3,247.93,743.79,pending,2024-01-15T03:05:00,eu-central
ORD-20240115-00832,CUST-2378,books,4,28.29,113.16,cancelled,2024-01-15T06:50:00,eu-central
ORD-20240115-00833,CUST-6795,books,2,168.98,337.96,cancelled,2024-01-15T09:53:00,ap-south
ORD-20240115-00834,CUST-2338,sports,5,419.28,2096.4,cancelled,2024-01-15T11:50:00,us-west
ORD-20240115-00835,CUST-6268,books,1,220.94,220.94,cancelled,2024-01-15T23:44:00,ap-south
ORD-20240115-00836,CUST-1524,books,2,420.04,840.08,shipped,2024-01-15T13:36:00,ap-south
ORD-20240115-00837,CUST-3619,books,1,428.81,428.81,cancelled,2024-01-15T18:40:00,us-west
ORD-20240115-00838,CUST-5155,clothing,1,239.1,239.1,pending,2024-01-15T06:48:00,ap-south
ORD-20240115-00839,CUST-7180,electronics,1,480.41,480.41,pending,2024-01-15T18:23:00,eu-central
ORD-20240115-00840,CUST-9408,sports,1,201.64,201.64,pending,2024-01-15T00:46:00,us-east
ORD-20240115-00841,CUST-8724,electronics,5,440.04,2200.2,cancelled,2024-01-15T19:36:00,ap-south
ORD-20240115-00842,CUST-7620,electronics,1,198.5,198.5,cancelled,2024-01-15T11:26:00,eu-central
ORD-20240115-00843,CUST-7485,home,5,360.66,1803.3,cancelled,2024-01-15T05:59:00,eu-central
ORD-20240115-00844,CUST-6741,electronics,5,463.01,2315.05,cancelled,2024-01-15T10:58:00,ap-south
ORD-20240115-00845,CUST-2125,home,1,106.87,106.87,shipped,2024-01-15T23:10:00,eu-central
ORD-20240115-00846,CUST-8068,home,3,150.29,450.87,shipped,2024-01-15T23:15:00,ap-south
ORD-20240115-00847,CUST-7699,electronics,4,109.63,438.52,delivered,2024-01-15T01:29:00,ap-south
ORD-20240115-00848,CUST-7750,sports,4,337.63,1350.52,pending,2024-01-15T17:24:00,ap-south
ORD-20240115-00849,CUST-6611,books,3,444.19,1332.57,pending,2024-01-15T20:06:00,ap-south
ORD-20240115-00850,CUST-8902,home,5,65.92,329.6,cancelled,2024-01-15T18:07:00,eu-central
ORD-20240115-00851,CUST-6885,clothing,2,68.36,136.72,shipped,2024-01-15T22:05:00,ap-south
ORD-20240115-00852,CUST-6184,books,5,196.09,980.45,pending,2024-01-15T11:20:00,us-east
ORD-20240115-00853,CUST-3682,home,5,215.57,1077.85,cancelled,2024-01-15T00:15:00,ap-south
ORD-20240115-00854,CUST-4802,electronics,4,499.52,1998.08,delivered,2024-01-15T16:18:00,us-west
ORD-20240115-00855,CUST-8661,home,5,190.63,953.15,cancelled,2024-01-15T22:56:00,us-east
ORD-20240115-00856,CUST-8584,home,4,354.83,1419.32,pending,2024-01-15T09:13:00,ap-south
ORD-20240115-00857,CUST-9896,home,1,475.78,475.78,cancelled,2024-01-15T23:48:00,us-west
ORD-20240115-00858,CUST-9904,home,5,441.2,2206.0,shipped,2024-01-15T15:23:00,eu-central
ORD-20240115-00859,CUST-9100,home,2,225.5,451.0,pending,2024-01-15T03:15:00,ap-south
ORD-20240115-00860,CUST-8341,books,5,478.28,2391.4,delivered,2024-01-15T18:28:00,eu-central
ORD-20240115-00861,CUST-4540,electronics,3,97.99,293.97,pending,2024-01-15T06:38:00,eu-central
ORD-20240115-00862,CUST-8656,clothing,4,267.01,1068.04,delivered,2024-01-15T00:22:00,us-west
ORD-20240115-00863,CUST-6564,electronics,5,242.97,1214.85,cancelled,2024-01-15T09:30:00,us-west
ORD-20240115-00864,CUST-6552,home,4,357.56,1430.24,shipped,2024-01-15T09:26:00,eu-central
ORD-20240115-00865,CUST-1133,clothing,2,33.75,67.5,cancelled,2024-01-15T15:21:00,us-east
ORD-20240115-00866,CUST-7849,books,1,184.67,184.67,cancelled,2024-01-15T19:38:00,ap-south
ORD-20240115-00867,CUST-8227,home,3,464.5,1393.5,pending,2024-01-15T14:14:00,us-east
ORD-20240115-00868,CUST-6851,electronics,4,451.03,1804.12,delivered,2024-01-15T15:04:00,ap-south
ORD-20240115-00869,CUST-4605,electronics,2,345.85,691.7,shipped,2024-01-15T10:30:00,eu-central
ORD-20240115-00870,CUST-1858,home,4,256.0,1024.0,delivered,2024-01-15T12:29:00,us-west
ORD-20240115-00871,CUST-3302,electronics,2,484.38,968.76,cancelled,2024-01-15T01:38:00,us-east
ORD-20240115-00872,CUST-2141,books,3,53.41,160.23,pending,2024-01-15T10:06:00,us-west
ORD-20240115-00873,CUST-7763,sports,5,356.71,1783.55,delivered,2024-01-15T02:58:00,us-west
ORD-20240115-00874,CUST-3640,home,2,264.35,528.7,delivered,2024-01-15T04:24:00,eu-central
ORD-20240115-00875,CUST-2695,books,4,419.15,1676.6,shipped,2024-01-15T09:34:00,us-west
ORD-20240115-00876,CUST-1475,sports,5,130.19,650.95,cancelled,2024-01-15T04:16:00,ap-south
ORD-20240115-00877,CUST-1352,books,4,368.01,1472.04,delivered,2024-01-15T13:48:00,us-west
ORD-20240115-00878,CUST-9944,electronics,3,328.99,986.97,cancelled,2024-01-15T17:25:00,eu-central
ORD-20240115-00879,CUST-6858,clothing,2,243.75,487.5,pending,2024-01-15T03:45:00,us-west
ORD-20240115-00880,CUST-9863,home,1,196.72,196.72,pending,2024-01-15T09:24:00,eu-central
ORD-20240115-00881,CUST-2531,sports,4,290.01,1160.04,shipped,2024-01-15T23:08:00,us-east
ORD-20240115-00882,CUST-4625,clothing,5,222.69,1113.45,shipped,2024-01-15T07:31:00,us-west
ORD-20240115-00883,CUST-2461,home,5,157.1,785.5,shipped,2024-01-15T05:06:00,ap-south
ORD-20240115-00884,CUST-2222,books,1,218.31,218.31,cancelled,2024-01-15T13:57:00,us-east
ORD-20240115-00885,CUST-5504,clothing,2,209.91,419.82,delivered,2024-01-15T00:44:00,us-west
ORD-20240115-00886,CUST-2206,home,1,209.02,209.02,shipped,2024-01-15T13:06:00,eu-central
ORD-20240115-00887,CUST-1857,books,2,44.12,88.24,cancelled,2024-01-15T07:15:00,us-west
ORD-20240115-00888,CUST-3313,clothing,5,377.61,1888.05,shipped,2024-01-15T12:41:00,eu-central
ORD-20240115-00889,CUST-8243,books,4,117.18,468.72,cancelled,2024-01-15T08:34:00,ap-south
ORD-20240115-00890,CUST-1461,books,1,499.38,499.38,pending,2024-01-15T23:21:00,ap-south
ORD-20240115-00891,CUST-6378,books,5,235.02,1175.1,cancelled,2024-01-15T04:43:00,us-east
ORD-20240115-00892,CUST-1577,sports,4,391.69,1566.76,shipped,2024-01-15T13:37:00,ap-south
ORD-20240115-00893,CUST-9651,clothing,1,112.87,112.87,cancelled,2024-01-15T08:02:00,us-west
ORD-20240115-00894,CUST-3418,electronics,2,406.66,813.32,shipped,2024-01-15T07:09:00,ap-south
ORD-20240115-00895,CUST-2755,home,1,221.63,221.63,shipped,2024-01-15T06:56:00,eu-central
ORD-20240115-00896,CUST-6574,books,5,433.84,2169.2,delivered,2024-01-15T10:11:00,us-west
ORD-20240115-00897,CUST-4115,clothing,3,87.38,262.14,delivered,2024-01-15T08:00:00,ap-south
ORD-20240115-00898,CUST-3302,books,2,45.33,90.66,pending,2024-01-15T13:44:00,eu-central
ORD-20240115-00899,CUST-3184,electronics,2,300.51,601.02,cancelled,2024-01-15T08:38:00,us-east
ORD-20240115-00900,CUST-3606,electronics,5,338.04,1690.2,shipped,2024-01-15T11:30:00,ap-south
ORD-20240115-00901,CUST-2588,sports,2,103.01,206.02,pending,2024-01-15T19:15:00,us-east
ORD-20240115-00902,CUST-1466,home,2,30.52,61.04,pending,2024-01-15T09:44:00,eu-central
ORD-20240115-00903,CUST-6645,books,4,439.27,1757.08,pending,2024-01-15T19:50:00,eu-central
ORD-20240115-00904,CUST-1995,clothing,3,115.73,347.19,pending,2024-01-15T00:24:00,eu-central
ORD-20240115-00905,CUST-7087,electronics,1,443.42,443.42,pending,2024-01-15T03:50:00,ap-south
ORD-20240115-00906,CUST-6541,home,5,189.48,947.4,delivered,2024-01-15T06:55:00,eu-central
ORD-20240115-00907,CUST-5281,books,2,220.02,440.04,cancelled,2024-01-15T21:41:00,ap-south
ORD-20240115-00908,CUST-6595,home,1,307.43,307.43,cancelled,2024-01-15T20:13:00,us-east
ORD-20240115-00909,CUST-9362,books,3,265.56,796.68,cancelled,2024-01-15T06:15:00,us-east
ORD-20240115-00910,CUST-9450,home,4,446.62,1786.48,delivered,2024-01-15T01:17:00,us-west
ORD-20240115-00911,CUST-3970,electronics,3,272.74,818.22,delivered,2024-01-15T17:13:00,eu-central
ORD-20240115-00912,CUST-9265,clothing,4,111.24,444.96,cancelled,2024-01-15T00:40:00,ap-south
ORD-20240115-00913,CUST-5561,clothing,3,412.32,1236.96,delivered,2024-01-15T23:33:00,us-west
ORD-20240115-00914,CUST-6861,sports,3,486.34,1459.02,cancelled,2024-01-15T17:18:00,eu-central
ORD-20240115-00915,CUST-4532,books,2,269.37,538.74,cancelled,2024-01-15T15:51:00,us-west
ORD-20240115-00916,CUST-7627,sports,1,75.34,75.34,shipped,2024-01-15T06:06:00,us-west
ORD-20240115-00917,CUST-5814,sports,1,409.77,409.77,cancelled,2024-01-15T23:59:00,us-east
ORD-20240115-00918,CUST-7865,sports,2,307.08,614.16,cancelled,2024-01-15T02:56:00,us-west
ORD-20240115-00919,CUST-1316,books,3,469.1,1407.3,delivered,2024-01-15T04:59:00,us-west
ORD-20240115-00920,CUST-8405,clothing,3,148.97,446.91,shipped,2024-01-15T07:48:00,us-west
ORD-20240115-00921,CUST-1962,clothing,4,368.62,1474.48,pending,2024-01-15T10:49:00,ap-south
ORD-20240115-00922,CUST-4874,books,2,160.23,320.46,delivered,2024-01-15T17:45:00,us-east
ORD-20240115-00923,CUST-8705,sports,1,460.16,460.16,delivered,2024-01-15T23:44:00,eu-central
ORD-20240115-00924,CUST-4695,sports,2,107.2,214.4,delivered,2024-01-15T21:26:00,eu-central
ORD-20240115-00925,CUST-9184,books,5,22.1,110.5,delivered,2024-01-15T09:40:00,eu-central
ORD-20240115-00926,CUST-5462,electronics,1,63.67,63.67,cancelled,2024-01-15T22:57:00,eu-central
ORD-20240115-00927,CUST-2343,sports,2,80.26,160.52,cancelled,2024-01-15T19:37:00,eu-central
ORD-20240115-00928,CUST-8130,electronics,3,175.64,526.92,cancelled,2024-01-15T14:29:00,us-west
ORD-20240115-00929,CUST-8934,books,3,172.98,518.94,delivered,2024-01-15T14:13:00,us-west
ORD-20240115-00930,CUST-3140,clothing,5,52.87,264.35,shipped,2024-01-15T12:07:00,eu-central
ORD-20240115-00931,CUST-8174,electronics,4,76.97,307.88,shipped,2024-01-15T20:45:00,us-east
ORD-20240115-00932,CUST-2292,home,3,244.59,733.77,cancelled,2024-01-15T13:11:00,us-west
ORD-20240115-00933,CUST-1788,home,4,255.2,1020.8,delivered,2024-01-15T06:05:00,us-west
ORD-20240115-00934,CUST-2402,clothing,5,486.46,2432.3,delivered,2024-01-15T16:28:00,us-west
ORD-20240115-00935,CUST-8986,electronics,3,29.38,88.14,cancelled,2024-01-15T14:27:00,us-west
ORD-20240115-00936,CUST-8020,clothing,4,313.26,1253.04,shipped,2024-01-15T03:57:00,us-west
ORD-20240115-00937,CUST-3300,books,1,29.28,29.28,delivered,2024-01-15T13:20:00,ap-south
ORD-20240115-00938,CUST-2380,sports,5,31.87,159.35,shipped,2024-01-15T00:48:00,us-west
ORD-20240115-00939,CUST-8980,sports,2,70.6,141.2,delivered,2024-01-15T05:50:00,eu-central
ORD-20240115-00940,CUST-8035,books,4,238.82,955.28,shipped,2024-01-15T15:31:00,us-west
ORD-20240115-00941,CUST-4254,clothing,1,251.14,251.14,delivered,2024-01-15T08:13:00,us-west
ORD-20240115-00942,CUST-3980,electronics,4,303.79,1215.16,cancelled,2024-01-15T00:23:00,eu-central
ORD-20240115-00943,CUST-9346,books,1,27.86,27.86,cancelled,2024-01-15T18:31:00,eu-central
ORD-20240115-00944,CUST-3769,electronics,5,254.02,1270.1,pending,2024-01-15T14:49:00,eu-central
ORD-20240115-00945,CUST-4715,home,5,214.37,1071.85,delivered,2024-01-15T00:32:00,eu-central
ORD-20240115-00946,CUST-8943,books,1,192.2,192.2,delivered,2024-01-15T13:00:00,eu-central
ORD-20240115-00947,CUST-9061,electronics,2,212.77,425.54,pending,2024-01-15T13:37:00,us-west
ORD-20240115-00948,CUST-5478,clothing,2,300.33,600.66,delivered,2024-01-15T22:53:00,ap-south
ORD-20240115-00949,CUST-7967,books,4,273.57,1094.28,cancelled,2024-01-15T17:29:00,us-west
ORD-20240115-00950,CUST-1003,books,2,286.02,572.04,delivered,2024-01-15T22:39:00,us-east
ORD-20240115-00951,CUST-1680,sports,4,399.84,1599.36,pending,2024-01-15T06:56:00,us-west
ORD-20240115-00952,CUST-3196,home,3,218.51,655.53,cancelled,2024-01-15T16:02:00,us-west
ORD-20240115-00953,CUST-1122,sports,4,337.27,1349.08,delivered,2024-01-15T02:19:00,ap-south
ORD-20240115-00954,CUST-5762,home,5,168.69,843.45,delivered,2024-01-15T19:49:00,eu-central
ORD-20240115-00955,CUST-2476,home,4,86.68,346.72,pending,2024-01-15T16:55:00,us-east
ORD-20240115-00956,CUST-8621,clothing,1,291.36,291.36,pending,2024-01-15T23:04:00,us-east
ORD-20240115-00957,CUST-1422,sports,4,260.21,1040.84,delivered,2024-01-15T20:14:00,us-west
ORD-20240115-00958,CUST-7815,books,5,243.22,1216.1,shipped,2024-01-15T04:32:00,eu-central
ORD-20240115-00959,CUST-7878,electronics,3,363.54,1090.62,shipped,2024-01-15T21:37:00,us-east
ORD-20240115-00960,CUST-7141,clothing,4,295.73,1182.92,pending,2024-01-15T14:22:00,ap-south
ORD-20240115-00961,CUST-7921,electronics,5,439.94,2199.7,shipped,2024-01-15T04:08:00,us-east
ORD-20240115-00962,CUST-2376,books,2,293.32,586.64,shipped,2024-01-15T22:39:00,us-east
ORD-20240115-00963,CUST-2626,books,4,290.82,1163.28,cancelled,2024-01-15T10:23:00,us-east
ORD-20240115-00964,CUST-3637,books,1,14.22,14.22,pending,2024-01-15T20:32:00,ap-south
ORD-20240115-00965,CUST-5594,home,3,298.18,894.54,pending,2024-01-15T12:10:00,us-west
ORD-20240115-00966,CUST-3567,electronics,4,218.68,874.72,cancelled,2024-01-15T01:52:00,us-east
ORD-20240115-00967,CUST-7063,books,1,477.35,477.35,cancelled,2024-01-15T04:12:00,eu-central
ORD-20240115-00968,CUST-2072,home,3,271.52,814.56,delivered,2024-01-15T23:50:00,ap-south
ORD-20240115-00969,CUST-2460,electronics,3,94.51,283.53,delivered,2024-01-15T16:14:00,ap-south
ORD-20240115-00970,CUST-1742,books,5,439.82,2199.1,delivered,2024-01-15T04:46:00,us-west
ORD-20240115-00971,CUST-3537,books,5,392.64,1963.2,pending,2024-01-15T13:08:00,ap-south
ORD-20240115-00972,CUST-9892,clothing,1,230.34,230.34,delivered,2024-01-15T10:07:00,ap-south
ORD-20240115-00973,CUST-3156,electronics,3,362.07,1086.21,delivered,2024-01-15T23:43:00,us-east
ORD-20240115-00974,CUST-6910,clothing,2,378.54,757.08,shipped,2024-01-15T05:16:00,eu-central
ORD-20240115-00975,CUST-2010,electronics,4,474.85,1899.4,pending,2024-01-15T14:30:00,ap-south
ORD-20240115-00976,CUST-9906,home,4,202.41,809.64,shipped,2024-01-15T19:24:00,us-east
ORD-20240115-00977,CUST-4516,clothing,2,137.59,275.18,delivered,2024-01-15T06:59:00,ap-south
ORD-20240115-00978,CUST-7627,sports,1,156.06,156.06,delivered,2024-01-15T09:06:00,ap-south
ORD-20240115-00979,CUST-4241,home,3,227.34,682.02,delivered,2024-01-15T07:18:00,us-east
ORD-20240115-00980,CUST-8525,sports,4,362.28,1449.12,shipped,2024-01-15T21:56:00,us-west
ORD-20240115-00981,CUST-8075,clothing,5,45.8,229.0,cancelled,2024-01-15T03:25:00,ap-south
ORD-20240115-00982,CUST-3515,clothing,4,458.21,1832.84,cancelled,2024-01-15T01:28:00,eu-central
ORD-20240115-00983,CUST-2903,sports,5,305.07,1525.35,cancelled,2024-01-15T06:21:00,us-east
ORD-20240115-00984,CUST-3627,books,4,388.78,1555.12,delivered,2024-01-15T11:12:00,us-west
ORD-20240115-00985,CUST-8814,electronics,2,298.59,597.18,cancelled,2024-01-15T07:38:00,eu-central
ORD-20240115-00986,CUST-6671,books,4,222.48,889.92,pending,2024-01-15T14:37:00,ap-south
ORD-20240115-00987,CUST-3381,electronics,4,304.82,1219.28,shipped,2024-01-15T13:17:00,us-east
ORD-20240115-00988,CUST-6633,books,3,35.43,106.29,delivered,2024-01-15T13:05:00,ap-south
ORD-20240115-00989,CUST-3184,books,4,114.68,458.72,cancelled,2024-01-15T14:43:00,us-east
ORD-20240115-00990,CUST-7578,books,5,414.18,2070.9,delivered,2024-01-15T00:22:00,eu-central
ORD-20240115-00991,CUST-6295,clothing,2,339.39,678.78,delivered,2024-01-15T04:11:00,us-west
ORD-20240115-00992,CUST-4342,clothing,5,101.37,506.85,cancelled,2024-01-15T09:35:00,eu-central
ORD-20240115-00993,CUST-2104,electronics,3,482.29,1446.87,cancelled,2024-01-15T10:12:00,ap-south
ORD-20240115-00994,CUST-2145,clothing,3,354.19,1062.57,shipped,2024-01-15T16:07:00,eu-central
ORD-20240115-00995,CUST-3052,sports,3,426.77,1280.31,pending,2024-01-15T13:10:00,us-east
ORD-20240115-00996,CUST-2458,electronics,5,483.18,2415.9,pending,2024-01-15T00:30:00,ap-south
ORD-20240115-00997,CUST-2068,clothing,2,415.35,830.7,shipped,2024-01-15T23:03:00,eu-central
ORD-20240115-00998,CUST-1750,clothing,4,469.03,1876.12,pending,2024-01-15T05:01:00,us-east
ORD-20240115-00999,CUST-3615,sports,1,81.67,81.67,cancelled,2024-01-15T03:54:00,ap-south
ORD-20240115-01000,CUST-6288,books,1,263.93,263.93,pending,2024-01-15T23:07:00,us-west
